source,stock,nid,date,likes,text
dc_title,국내주식갤,3328,,,2026 8월 1주 Global Portfolio 전략 Top Pick
dc_title,국내주식갤,3326,,,"2026 반도체 AI 데이터센터 투자 시대, 건설주 최대 수혜주"
dc_title,국내주식갤,3325,,,씨 ㅂ 돌대가리 개미들아 내일은 쳐사지마라
dc_title,국내주식갤,3324,,,사나이테스트 왜캐 씨게하냐
dc_title,국내주식갤,3323,,,얘들아 악성매물대 말인데 완전히 소화되는데 1년이 넘게걸리는거 허다함?
dc_title,국내주식갤,3322,,,주식 종목 발굴할때 말인데 시총 그나마 상위 100위 안에 드는 종목들
dc_title,국내주식갤,3320,,,삼전 하닉보다 *스가 최고다...
dc_title,국내주식갤,3319,,,단일종목 레버리지  더강화조치로 1억으로 하면 해결되는거아님?
dc_title,국내주식갤,3318,,,AI 시장의 대전환 시작! AI 인프라 관련주 TOP5 총정리
dc_title,국내주식갤,3317,,,효성화학 사라 지금이 최저가임
dc_title,국내주식갤,3315,,,근데 단일종목 레버리지 정부 왜이렇게 욕먹냐
dc_title,국내주식갤,3314,,,"집 나가려던 그녀, 69초 후 15층 발코니에서 추락… 왜?"
dc_title,국내주식갤,3313,,,"146명 사망, 18분간 4개의 탈출구가 사라졌다"
dc_title,국내주식갤,3311,,,개미들 익명그룹방에서 정보 공유합시다
dc_title,국내주식갤,3310,,,"5주 전 외국인이 순매수한 섹터 건강관리, 그 뒤 5주 수급이 흥미롭네요"
dc_title,국내주식갤,3306,,,사기업에서도 국무회의처럼 회의 중계 필수로 해야됨 ㅇㅇ
dc_title,국내주식갤,3305,,,키움 승질나네
dc_title,국내주식갤,3304,,,키움 접속  왜 안되냐
dc_title,국내주식갤,3302,,,자산관리앱 도미노 대체
dc_title,국내주식갤,3301,,,삼성전자 19~20에 들어간 사람들 존나 부럽다
dc_title,국내주식갤,3299,,,키옥시아랑 하닉이랑 1도 관련없다 기회줄때 하닉사
dc_title,국내주식갤,3298,,,아시발 하닉 상에 2억 미수 갈겻는데 머냐
dc_title,국내주식갤,3297,,,어제 마지막 레버라고 하닉 하따친놈은 배때지 쳐불렀겠네
dc_title,국내주식갤,3296,,,하닉 풀미수 1억5천 갈김 ㅋㅋ
dc_title,국내주식갤,3295,,,하닉인버스지금사면 어짜피 더 밑으로 못가는거아님?
dc_title,국내주식갤,3294,,,다들 많이들 벌고 있을텐데.
dc_title,국내주식갤,3293,,,형들 궁금한게 있어 (국장)
dc_title,국내주식갤,3292,,,주식 대폭락 경험자는 앞으로 주식 안한다
dc_title,국내주식갤,3291,,,이제부터 존나 오르는 이유
dc_title,국내주식갤,3290,,,하도 빠져서 상한가쳐도 감흥이없네 ㅋㅋㅋㅋㅋㅋㅋㅋㅋㅋㅋㅋㅋㅋㅋㅋ
dc_title,국내주식갤,3289,,,2026년 하반기 2차전지 관련주 전망 실적 개선 TOP4 종목
dc_title,국내주식갤,3288,,,단타로 700먹고 나간다
dc_title,국내주식갤,3287,,,그래도 숨통은 트이네 잠도 잘 못 잤는데
dc_title,국내주식갤,3286,,,아직도 국장하노? 하루만에 손실금 복구 방법
dc_title,국내주식갤,3285,,,사기꾼인거 알면서 투자해놓고 왜 비명임
dc_title,국내주식갤,3284,,,완전  바카라 도박장이네
dc_title,국내주식갤,3283,,,연기금 오늘 팔고 리밸런스 하면 되겧네
dc_title,국내주식갤,3281,,,범국가적으로 분석중이다
dc_title,국내주식갤,3280,,,미장 ㅈㄴ오르는데 하닉이 왜 떨어져?
dc_title,국내주식갤,3279,,,김용범 청문회 기싸움 영상
dc_title,국내주식갤,3278,,,주식때문에 이혼하게 생김 조언좀
dc_title,국내주식갤,3276,,,ETF 2배 레버러지 샀는데 왜 더 손해인가요?
dc_title,국내주식갤,3275,,,국장에서 원웨이로 누워있는게 미친짓이지
dc_title,국내주식갤,3274,,,"2026 지주회사 관련주｜LG, HD현대, 한화, LS, CJ 주가 전망"
dc_title,국내주식갤,3272,,,참치 공장 끔찍 참극: 12톤 참치 뒤에 갇힌 남자의 마지막 순간은?
dc_title,국내주식갤,3271,,,오늘 코덱스 200커버드콜액티브 배당락임
dc_title,국내주식갤,3269,,,삼닉 10~15만원선이 적정가임 부정하지마셈
dc_title,국내주식갤,3268,,,전에 전세금 빼서 주식 박은 공무원 있었자나
dc_title,국내주식갤,3267,,,미국유럽처럼 스포츠 토토랑 카지노 합법화 해라
dc_title,국내주식갤,3266,,,"김정남 VX 테러, CCTV 속 도주한 네 남자의 행방은?"
dc_title,국내주식갤,3265,,,삼전 32층도 있어요~
dc_title,국내주식갤,3262,,,존나궁금) 국장에 장기투자는 틀린거임??
dc_title,국내주식갤,3261,,,국장하는 병신들은 왜 지들이 물려놓고 정부탓하고 있냐?ㅋㅋ
dc_title,국내주식갤,3259,,,리밸런싱
dc_title,국내주식갤,3258,,,5천찍고 반등이나 횡보 가능하냐?
dc_title,국내주식갤,3257,,,여기 왜 념글 안뜨냐?
dc_title,국내주식갤,3256,,,취업했는데 적금들까 ETF 할까 고민임
dc_title,국내주식갤,3255,,,26년은 최악의 연도다
dc_title,국내주식갤,3252,,,주식 입문하려는데 하닉 6~7층 쯤 때 괜찮을까요 ?
dc_title,국내주식갤,3251,,,삼전 16 하닉 83 까지갑니다
dc_title,국내주식갤,3250,,,당분간 주가 오를 수가 없는 이유
dc_title,국내주식갤,3249,,,지금사야지 병신새끼들아
dc_title,국내주식갤,3248,,,삼전하닉만 떨어진거아냐
dc_title,국내주식갤,3247,,,이 이상의 지옥은 없을거라 믿고 싶었어
dc_title,국내주식갤,3246,,,살자하로간다
dc_title,국내주식갤,3245,,,삼성전자 너는 애국마저 최강이라는 말이냐
dc_title,국내주식갤,3244,,,6.3 선거전에 정리하고 관망중인데
dc_title,국내주식갤,3243,,,지금 단타도 함부러 못치겠노
dc_title,국내주식갤,3242,,,삼전5만원 하닉20만원이였는데 왜 아픈소리들을함?
dc_title,국내주식갤,3241,,,집값 1억올랐는데 주식으로 1억 날렸노
dc_title,국내주식갤,3240,,,아이고..곡소리
dc_title,국내주식갤,3237,,,2026년 하반기 주식 추천 종목 분석｜TOP5 목표주가 및 투자전략
dc_title,국내주식갤,3236,,,2026 7월 5주 Global Portfolio 전략 Top Pick
dc_title,국내주식갤,3235,,,그래도 다들 이득아님?
dc_title,국내주식갤,3234,,,고양이가 아침에 매도 버튼 눌렀다
dc_title,국내주식갤,3233,,,내일 단타금지다.
dc_title,국내주식갤,3232,,,전원주도 좃같아서 하닉팔듯  ㅋ
dc_title,국내주식갤,3231,,,??? : 삼성전자 10만간다....
dc_title,국내주식갤,3230,,,야야 그러니까 낼 하닉 155에서도 떨어진다고?
dc_title,국내주식갤,3229,,,하닉 100 깨질 건데 ㅋㅋ
dc_title,국내주식갤,3228,,,스퀘어 200만이면 사형임?
dc_title,국내주식갤,3227,,,회사 노괴 포티 피프티들 곱창난거 ㅈㄴ 좋다
dc_title,국내주식갤,3226,,,오늘 하루 2천 날아갔는데 밥은 존나 맛있네
dc_title,국내주식갤,3225,,,와시발 24에서 저점이네 들어갈까했는데
dc_title,국내주식갤,3224,,,잘 먹고갑니다
dc_title,국내주식갤,3222,,,너네들 특징
dc_title,국내주식갤,3220,,,하루만에 4년치 은행이자 쳐날려먹는 주식 ㅋㅋㅋ
dc_title,국내주식갤,3219,,,AI는 6만 명 중 한 명을 어떻게 잡았나? '사고목격자'가 밝히는 진실
dc_title,국내주식갤,3218,,,레버리지 무슨생각으로 함?
dc_title,국내주식갤,3217,,,이재명 씨발아 부자들 돈 뺏어서 강제로 삼전하닉 매수시켜서 코스피 유지해
dc_title,국내주식갤,3216,,,코덱스200커버드콜액티브 배당 얼마 나오려나
dc_title,국내주식갤,3215,,,"수술대 위의 아이러니: '오른쪽' 동의서, '왼쪽' 수술대 위에서 벌어진"
dc_title,국내주식갤,3214,,,진짜 개작살난 병신장에서 제일 개좆같은점
dc_title,국내주식갤,3213,,,진짜 씨발 개좆같이 쳐물렸네 하
dc_title,국내주식갤,3212,,,나 진짜 어떡하지....
dc_title,국내주식갤,3211,,,수술실의 망각: 13인치 견인기가 몸 안에 남겨진 충격적인 진실
dc_title,국내주식갤,3208,,,다들 주식종목 어케발굴함???
dc_title,국내주식갤,3206,,,거래량 변화에서 종목 아이디어 찾기
dc_title,국내주식갤,3203,,,주식이 오르든 말든 나처럼 단타를 쳐
dc_title,국내주식갤,3202,,,"2026 방산주 전망 탄도탄 요격 미사일 공급 부족, K-방산 수혜주"
dc_title,국내주식갤,3201,,,"하늘로 쏜 총 한 발, 1.5마일 밖 소녀의 죽음으로… 작은 실수가 참사"
dc_title,국내주식갤,3200,,,네보미 한국주식갤러리가면있음
dc_title,국내주식갤,3198,,,ueLdhamXjnwm
dc_title,국내주식갤,3197,,,IWziPmVnEYQv
dc_title,국내주식갤,3196,,,코오롱티슈진 임상 실패로부터 우리가 배워야 할 것
dc_title,국내주식갤,3193,,,아직도 국내주식한다고??
dc_title,국내주식갤,3191,,,2Q26 Review 하반기 AI·전력·바이오·태양광·금융 수혜주
dc_title,국내주식갤,3190,,,주린이 국내주식 궁금한거 질문좀요
dc_title,국내주식갤,3189,,,하닉 140까진 무조간 빠지는 이유
dc_title,국내주식갤,3188,,,기업의 기본 체력을 AI로 점검
dc_title,국내주식갤,3187,,,주식은 내가봤을땐 2번정도 기회 남았어 ㅇㅇ
dc_title,국내주식갤,3186,,,"단 한마디 오해, 5명 사망 379명은 불타는 여객기에서 어떻게 살아 나"
dc_title,국내주식갤,3184,,,"40일간 아마존 정글, 네 남매 생존의 기적"
dc_title,국내주식갤,3183,,,2026년 에너지·화학·태양광 유망주 실적 분석
dc_title,국내주식갤,3182,,,bZqISGEPwPYv
dc_title,국내주식갤,3181,,,"2026년, 주식 필터링의 패러다임이 바뀌었습니다."
dc_title,국내주식갤,3180,,,출퇴근 지하철에서 10초 만에 종목 골랐습니다.
dc_title,국내주식갤,3179,,,고베타·모멘텀·재무건전성 아이디어를 빠르게 탐색
dc_title,국내주식갤,3178,,,"미국 골든돔, MASGA 정책 수혜주 국내 조선주에 미치는 영향 완벽 분"
dc_title,국내주식갤,3176,,,미국 빅테크 실적 프리뷰｜메타·아마존·애플 투자 포인트 완벽 분석
dc_title,국내주식갤,3175,,,한국 주식 AI 스크리너 EasyStock
dc_title,국내주식갤,3174,,,2026 게임주 투자전망 TOP3 실적·목표주가·신작 완벽 분석
dc_title,국내주식갤,3173,,,텔레그램 시황 분석방 만들었는데 와주라
dc_title,국내주식갤,3172,,,장투러들을 위한 웹 알아옴
dc_title,국내주식갤,3171,,,"AI 반도체 최대 수혜주 삼성전기,LG전자 주가 전망·실적·목표주가 분석"
dc_title,국내주식갤,3170,,,엔진 초호황인데 주가는 반토막 한화엔진·HD현대마린엔진 지금이 기회
dc_title,국내주식갤,3169,,,"2026 건설주 투자전망, 지금 가장 유망한 종목"
dc_title,국내주식갤,3168,,,"파푸아뉴기니 엥가 아콤, 새벽 총격으로 49명 사망 무고한 길의 비극"
dc_title,국내주식갤,3166,,,그리스 철도 붕괴의 민낯: 템피 참사를 통해 본 인력 부족과 노후 설비
dc_title,국내주식갤,3165,,,"공짜 술 한 잔에 6명이 죽었다, 방비엥 메탄올 참사"
dc_title,국내주식갤,3164,,,2026 통신산업 심층 분석 AI 데이터센터(AIDC)가 바꾸는 통신주
dc_title,국내주식갤,3163,,,2026 K-콘텐츠에서 K-푸드까지! 한류가 만드는 새로운 투자 수혜주
dc_title,국내주식갤,3162,,,2026 화장품 관련주 전망 미국 아마존이 선택한 K뷰티 수혜주 총정리
dc_title,국내주식갤,3161,,,"AI 인터커넥트 대전환, 광통신 시대 개막! AI 데이터센터 최대 수혜주"
dc_title,국내주식갤,3160,,,갑자기 왜 오르노?
dc_title,국내주식갤,3158,,,2024 아이슬란드 빙하 붕괴: 23명 중 사라진 두 사람의 행방은?
dc_title,국내주식갤,3151,,,거북목에 두통으로 병원비만 500 썼는데 ㅋㅋ
dc_title,국내주식갤,3150,,,"화장 직전 관 속에서 깨어난 65세 여성, 21일간 생존 실화"
dc_title,국내주식갤,3149,,,아 숏이랑 인버스 너무 달다.
dc_title,국내주식갤,3147,,,"2026 철강산업 전망과 관련주 TOP6 심층분석 목표주가,투자포인트"
dc_title,국내주식갤,3146,,,삼전 떨어지는게 레버리지만 없으면 ok임?
dc_title,국내주식갤,3144,,,밥먹으러왔는데 옆에 한남새끼 냄새 씹
dc_title,국내주식갤,3143,,,사무실 포티행님들 표정 곱창났노 ㅅㅅㅅㅅㅅ
dc_title,국내주식갤,3140,,,오늘 뉴욕 출근길 ㄷㄷㄷ
dc_body,국내주식갤,3328,,,"2026 8월 1주 Global Portfolio 전략 Top Pick 10 2026 8월 1주 Global Portfolio 전략 Top Pick 10 2026 8월 1주 Global Portfolio 전략 Top Pick 10 이번 조정을 단순한 추세 붕괴가 아니라 레버리지 청산 과정으로 해석하고 있으며, AI 산업의 성장성 자체는 여전히 견고하다고 평가하며 관련 종목 리스크까지 상세 분석했습니다. finance.thesmileinfo.com 2026년 8월 글로벌 증시, 다시 상승장을 기대해도 될까? 2026년 하반기 글로벌 증시는 다시 한번 중요한 변곡점에 들어섰다. 7월까지 시장은 극심한 변동성을 경험했다. 특히 AI 반도체를 중심으로 급락이 이어지면서 많은 투자자들이 AI 버블 붕괴를 우려했다. 하지만 최근 시장 분위기는 조금씩 달라지고 있다. 이번 조정을 단순한 추세 붕괴가 아니라 레버리지 청산 과정 으로 해석하고 있으며, AI 산업의 성장성 자체는 여전히 견고하다고 평가하고 있다. 핵심 변수는 이제 AI가 아니라 금리 라는 점을 강조한다. 즉, AI 성장성은 유지 기업 실적도 견조 다만 장기금리가 증시를 억누르는 상황 이라는 것이 이번 보고서의 핵심이다."
dc_body,국내주식갤,3326,,,"2026 반도체 AI 데이터센터 투자 시대, 건설주 최대 수혜주 반도체와 AI가 건설 산업을 다시 살린다 2022년 이후 국내 건설업은 상당히 긴 침체를 경험했다. 고금리, PF(Project Financing) 부실, 공사비 상승, 지방 부동산 침체가 동시에 발생하면서 대부분의 건설사들은 신규 수주 확보에 어려움을 겪었다. 현재 건설경기의 가장 큰 문제를 다음 세 가지로 정리했다. 공사비 급등 고금리 지속 PF 금융 위축 이 세 가지 요인이 겹치면서 민간 건설시장은 사실상 장기간 침체 국면에 진입했다. 하지만 2026년 들어 분위기가 달라지고 있다. 정부와 대기업이 발표한 초대형 산업 투자 프로젝트가 건설업 전체의 흐름을 바꾸기 시작했기 때문이다. 2026 반도체 AI 데이터센터 투자 시대, 건설주 최대 수혜주 2026 반도체 AI 데이터센터 투자 시대, 건설주 최대 수혜주 반도체 클러스터와 AI 데이터센터 투자 확대가 국내 건설시장에 미치는 영향은 무엇일까? 삼성E&A, 삼성물산, 현대건설, GS건설, DL이앤씨 등 주요 건설주 투자전략과 향후 전망을 심층 분석했습니다. finance.thesmileinfo.com"
dc_body,국내주식갤,3325,,,병 ㅅ 도 아니고 왜그래?
dc_body,국내주식갤,3324,,,ㅠㅠ
dc_body,국내주식갤,3323,,,ㅇㅇ
dc_body,국내주식갤,3322,,,모아서 차트에 저점이라 판단되면 사는방법도 있음??실제로 그렇게 하는사람도 있어?
dc_body,국내주식갤,3319,,,3천만원 상향으로  거래량이 줄었다면 1억으로 해버리면  사살상 거래량이 적어서 상폐까지 갈수도... 따로 전산상조치도 필요없고..  쉬운 조치일텐데.. 레버리지 배율 조절??? 법도 개정해야 한다는대.. 전산상 개발하고 테스트로 해야하고.. 이상하네..  쉽고 빠른조치를 놔두고 왜 ??  어렵게 하지.. 다른 꼼수가 있는것인지..
dc_body,국내주식갤,3318,,,"AI 시장의 대전환 시작! AI 인프라 관련주 TOP5 총정리 AI 시장이 다시 커지는 이유 AI 시장은 이제 단순한 생성형 AI 경쟁을 넘어 실제 기업들이 업무에 적용하는 AX(AI Transformation) 시대에 진입하고 있습니다. 교보증권 리서치센터 보고서에서는 앞으로의 AI 시장은 모델 경쟁보다 기업이 실제 업무에서 AI를 얼마나 효율적으로 활용하는가 가 가장 중요한 성장 포인트라고 분석했습니다. 많은 투자자들이 AI 반도체만 주목하고 있지만 앞으로는 다음과 같은 산업들이 동시에 성장할 가능성이 높습니다. AI 데이터센터 GPU 클라우드 AI 추론(Inference) AI 플랫폼 기업용 AI 솔루션 AX 구축 서비스 AI SI(System Integration) AI 클라우드 이러한 변화는 국내 기업들에게도 매우 큰 기회가 될 수 있습니다. AI 시장의 대전환 시작! AI 인프라 관련주 TOP5 투자포인트 AI 시장의 대전환 시작! AI 인프라 관련주 TOP5 NAVER, 삼성SDS, LG CNS, NHN, 롯데이노베이트 AI 시장은 모델 경쟁보다 기업이 실제 업무에서 AI를 얼마나 효율적으로 활용하는가가 가장 중요한 성장 포인트 분석했습니다. finance.thesmileinfo.com"
dc_body,국내주식갤,3317,,,시총 2000억인데 분기 영익 1000억 ㄱㄱ - dc official App
dc_body,국내주식갤,3315,,,누가 투자하라고 협박함? ㅋㅋㅋ 리스크관리도 안되고 무지성 투자 몰빵치는 도박의 무능한 민족성이문제지 우리나라에만 있는 상품도 아니고 ㅋㅋㅋㅋ
dc_body,국내주식갤,3314,,,https://youtu.be/F7vkpSAd9CM
dc_body,국내주식갤,3313,,,https://youtu.be/BZLOJiexgYg
dc_body,국내주식갤,3311,,,https://www.telpan.co.kr/ 그룹방이용 한번하면 중독됩니다.. 언제 폭파될지 모르는 두려움.. 이제 이걸로 안전하게 비공개 그룹방은 초대코드 공유시 바로 해당그룹방으로 진입 너무편해요~~~
dc_body,국내주식갤,3310,,,"5주 전(06/29~07/03) 주간 수급을 보다가 외국인이 섹터 건강관리에서 +5백만주 순매수한 게 눈에 띄어서, 그 뒤로 어떻게 됐는지 5주간 추적해봤습니다. · 06/29~07/03 : +5백만주 (원본 관찰) · 07/06~07/10 : +3백만주 · 07/13~07/17 : -4백만주 · 07/20~07/24 : +0백만주 · 07/27~07/31 : +12백만주 방향은 대체로 이어졌습니다. 4주 합계 +11백만주. 다들 수급 보실 때 한 주 단위로 보시나요, 아니면 몇 주 겹쳐서 보시나요? 전체 회고는 여기서 보실 수 있습니다. https://www.curator-c2.co.kr/?p=1974 ? 흐름 회고 6호 - 주식브리핑큐레이터 ? 흐름 회고 · 6호 5주 전 주간 자금 흐름 보고서가 관찰한 한 장면이, 그 뒤 실제로 어떻게 흘러갔는지 되짚어 […] www.curator-c2.co.kr (주 단위 자금 흐름 회고를 무료로 정리하고 있습니다 — 검색: 주식브리핑큐레이터)"
dc_body,국내주식갤,3306,,,국민이 주주이자 주인인데 당연한거 아니야??
dc_body,국내주식갤,3305,,,접속이 안되노
dc_body,국내주식갤,3304,,,ㆍㆍㆍ
dc_body,국내주식갤,3302,,,"1) 테스터 그룹 가입 — 구글 로그인 상태에서 열어주세요 https://groups.google.com/g/quantum-asset-tester ""그룹 가입"" 버튼 누르면 끝입니다. 승인 안 기다리셔도 됩니다. 2) 가입 후 테스트 참여 → ""테스터가 되기"" → Play 스토어에서 설치 https://play.google.com/apps/testing/com.quantumasset.quantum_asset"
dc_body,국내주식갤,3301,,,운이 억세게 좋거나 천재적인 감각이 있는 사람들인듯 22~23이 바닥이라고 생각혔었는데 거기까지 내려갈줄은 예상 못했음
dc_body,국내주식갤,3299,,,키옥시아는 낸드 즉 아무도 안쓰는 usb나 만드는 회사 다이소 가봐 USB 2천원임 하닉 usb랑 아무 관련 없는 회사다 ㅇㅇ 모르면 공부좀해 - dc official App
dc_body,국내주식갤,3298,,,아이 시발년아 장난 그만쳐라 아까 상잔량 90만주였자나 다 어디갔어 - dc official App
dc_body,국내주식갤,3297,,,부러운 씹새끼.. - dc official App
dc_body,국내주식갤,3296,,,월욜 무조건 갭 10퍼는 뜰텐데 미수쓰고 ​ 월욜 팔면 대박인데 ​ 미수 1억5천되길래 걍 상에 다 갈겨버림 ㅋㅋ ​ 이재명 만세 월욜날 갭 10퍼만 올려줘라 ㅅㅅㅅㅅㅅ - dc official App
dc_body,국내주식갤,3295,,,사볼까
dc_body,국내주식갤,3294,,,나는 너무 목아지에 들어와서 이거 상한가 쳐도 감흥도 없다... 하...이게 주식 맞는거지 ?
dc_body,국내주식갤,3293,,,이사람들 12시에 몇만명이 보는데 엊그제는 내렸다고 질질짜고 눈물 콧물 감성팔이 하더니 오늘은 뭐 세상 다 얻은 표정이네 댓글들 찬양글 안쓰면 차단 당하고 찬양하는 종교 던데 이 사람들 주식에 도움이 되 ??
dc_body,국내주식갤,3292,,,하닉으로 인생역전한 사람도 많지만 전재산 잃은 사람도 많다 모두 이걸 경험했으니 더이상 변동성 심한 주식에 손대지 않기로 했다 토스뱅크 없애는 게 아니라 매수만 하지말라고 ㅋㅋ 세상 경제 돌아가는 건 알아야지 - dc official App
dc_body,국내주식갤,3291,,,범국가적으로 반도체주식 분석하고 있음. 누구나 지금이 바닥이라는걸 암 오를일만 남았음. https://gall.dcinside.com/mgallery/board/view/?id=krstock&no=2972785 빅브라더는 반도체 기술주를 사고 싶었다. - 한국 주식 마이너 갤러리 세력의 입장에서 하이닉스 존나 사고 싶으면 어떻게 하겠냐?니가 세력이고 니가 돈 존나 많다고 생각해봐라 씹고점 신고가에서 응 나 돈많아 하고 풀매수 하겠냐?아니면 나스닥이나 다른데부터 작업쳐서 분위기 싸하게 만들어 놓 gall.dcinside.com
dc_body,국내주식갤,3290,,,이러고 또 월요일날 ㅈㄴ빼겟지 ㅄ
dc_body,국내주식갤,3289,,,"2026년 하반기 2차전지 관련주 전망 실적 개선 TOP4 종목(POSCO홀딩스,SK이노베이션,LG에너지솔루션,삼성SDI) POSCO홀딩스 는 철강 실적 개선과 리튬 사업 흑자전환이 동시에 진행되며 중장기 성장성이 강화되고 있습니다. SK이노베이션 은 SK온의 흑자전환과 정유·윤활기유 실적 호조로 실적 턴어라운드가 본격화되고 있습니다. LG에너지솔루션 은 하반기 강한 실적 개선(증익) 모멘텀이 기대되는 대표 배터리 기업으로 평가되었습니다. 삼성SDI 는 하반기에도 흑자 기조를 유지하며 안정적인 실적 회복이 이어질 것으로 전망되었습니다. 종합적으로 2차전지 업종은 실적 개선과 리튬·배터리 사업 정상화가 진행되는 구간으로, 중장기 투자 매력이 높아지고 있는 것으로 분석되었습니다. 2026년 하반기 2차전지 관련주 전망 실적 개선 TOP4 종목 2026년 하반기 2차전지 관련주 전망 실적 개선 TOP4 POSCO홀딩스,SK이노베이션,LG에너지솔루션,삼성SDI 종합적으로 2차전지 업종은 실적 개선과 리튬·배터리 사업 정상화가 진행되는 구간으로, 중장기 투자 매력이 높아지고 있는 것으로 분석했습니다. finance.thesmileinfo.com"
dc_body,국내주식갤,3288,,,슬슬 숏충들 나타나서 떨어질듯
dc_body,국내주식갤,3287,,,어제도 솔직히 번지대일까봐 존나 무서웠다 - dc official App
dc_body,국내주식갤,3286,,,미장 급등주 ㅋㅋㅋㅋㅋㅋㅋㅋㅋㅋㅋㅋㅋ 꼬시다 꼬시다 오늘 새벽 364.8% 수익 - dc official App
dc_body,국내주식갤,3285,,,제정신임 아저씨들?
dc_body,국내주식갤,3284,,,급등하다가 급하락 다시 급등. 이거 반복된다. 홀짝홀짝.
dc_body,국내주식갤,3283,,,찬성?
dc_body,국내주식갤,3281,,,이제 바닥 거의 다 왔다.
dc_body,국내주식갤,3280,,,응?
dc_body,국내주식갤,3279,,,"지는 부동산 갭투자하고 개미들 돈은 레버리지로 파쇄기 돌려버리고 청문회에서 갭투자 지적하니까 화내면서 기싸움함 개레전드 내로남불 관료 김용범 고성 항의에… 옆에 있던 우상호 ""그만하시라"" / #채널A #뉴스TOP10 #shorts [뉴스TOP10] 김용범 고성 항의에… 옆에 있던 우상호 ""그만하시라"" #채널A #뉴스TOP10 #뉴스탑텐 #김용범 #대통령실 #정책실장 #부동산 #갭투자 #우상호 #정무수석 #김은혜 #국민의힘 #의원 #김병기 #운영위원장 #국회 youtube.com 참고로 이새끼 문재인 시절 부동산 관련 김현미 따까리하던새끼임"
dc_body,국내주식갤,3278,,,제목 어그로 미안하다 어제 7월 29일 하이닉스 어닝콜 시점에 뜬금없이 미국 이란 전쟁 재개 오늘 7월 30일 삼성전자 어닝콜 시점에 뜬금없이 미국 이란 전쟁 재개 이것 말고도 석연치 않은 부분이 진짜 많은거 같은데 너무 많이 잃어서 뇌가 헷가닥 한거냐 아님 그럴듯 해 보이냐 - dc official App
dc_body,국내주식갤,3276,,,평단 거의 다왔는데 왜?
dc_body,국내주식갤,3275,,,꼭대기에서 사놓고 적어도 남들보다 비싸게사놓고선 빤쓰벗고 누워있으면 알아서 미장처럼 천프로 갈줄알았다고? ㅋㅋㅋ ㅋㅋㅋ ㅋㅋ . . . . . 너 납치된거야...
dc_body,국내주식갤,3274,,,"2026 지주회사 관련주｜LG, HD현대, 한화, LS, CJ 주가 전망 및 투자전략 2026년, 왜 다시 지주회사에 주목해야 할까? 국내 증시에서 지주회사는 오랫동안 대표적인 저평가 업종으로 평가받아 왔다. 많은 투자자들이 ""좋은 자산을 보유하고 있는데도 왜 주가는 오르지 않을까?""라는 의문을 가져왔고, 이러한 현상은 오랫동안 코리아 디스카운트(Korea Discount) 의 대표 사례로 언급됐다. 하지만 2026년 들어 분위기가 달라지고 있다. 정부의 밸류업 정책, 상법 개정 논의, 배당 관련 세제 변화, 자사주 소각 확대 등 기업가치 제고를 위한 환경이 조성되면서 지주회사에 대한 시장의 관심도 다시 높아지고 있다. 단순히 ""지주사는 싸다"" 라는 기존 관점을 넘어 ""왜 싸고, 어떤 기업이 먼저 재평가될 것인가"" 에 초점을 맞춘 새로운 분석 프레임을 제시했다. 2026 지주회사 관련주｜LG, HD현대, 한화, LS, CJ 주가 전망 및 투자전략 2026 지주회사 관련주｜LG,HD현대,한화,LS,CJ 주가 전망 및 투자전략 정부의 밸류업 정책, 상법 개정 논의, 배당 관련 세제 변화, 자사주 소각 확대 등 기업가치 제고를 위한 환경이 조성되면서 지주회사에 대한 시장의 관심도 다시 높아지고 있는 내용 분석했습니다 finance.thesmileinfo.com"
dc_body,국내주식갤,3272,,,https://youtu.be/9O0MBsaRHQ4
dc_body,국내주식갤,3271,,,목표배당이 월 2%라고 해서 쭉 모아뒀는데 기사뜬거 보니까 주당 153원으로 2% 확정이네 ㅋ 이대로면 연 24%인데 오늘도 좀더 주워 담아야겠음
dc_body,국내주식갤,3269,,,냉정하게 삼닉 포함해서 국내주식 모두 쓰레기임. 삼닉은 걍 20년도부터 이어진 ai 장 서플라이체인 후반부로서 마지막에 오르는게 맞고 꺼질때도 가장 먼저 꺼지는법임. 이미 lg전자나 좆 병신같은 일본 반도체기업까지 오를때부터 눈치는 채고 있었어야지. 정상적인 투자자라면 이미 ai 사이클 막바지인 25년도에 다 털었을거다. 좆버러지들 이제 벌 받아라 참고로 느그드비아는 코로나때부터 시작된거다. 거의 10년치 상승 다 받고 이제 걍 사이클 끝나면 삼닉은 파산단계 들어갈거다 수고하쇼
dc_body,국내주식갤,3268,,,이번 급등기때 싹 정리해서 집 계약 보러다니더라 전세 들어갈 돈으로 매수하게 되었으니 투자 잘 한듯
dc_body,국내주식갤,3267,,,미국유럽처럼 스포츠 토토랑 카지노 합법화 해라.주식보다 그게 더 낫겟다. 토토랑 카지노 허용하고 세금이나 잘 걷어라..괜히 국민 연금으로 주식 건드려서 연금 다 말아먹지 말고.
dc_body,국내주식갤,3266,,,https://youtu.be/4Eow2Y8xa8Q
dc_body,국내주식갤,3265,,,3주도 개미입니다
dc_body,국내주식갤,3262,,,진짜 무슨 미래를 보는 천재적 발굴자 아니라면 우량주 사서 존버하면 폭락하던데
dc_body,국내주식갤,3261,,,국장은 어차피 단타용인데 ㅋㅋ
dc_body,국내주식갤,3259,,,성공이라네요 - dc official App
dc_body,국내주식갤,3258,,,짜이밍햄 하는 꼬라지 봐서는 4천도 위험해보이긴 한데 어차피 나는 못 받을 국민연금 다 태우면 다시 6천으로 들어올리기 쌉가능아님?
dc_body,국내주식갤,3257,,,ㅇㅇ - dc official App
dc_body,국내주식갤,3255,,,"중동전쟁 기름값 폭등​ = 차유지비 폭탄 최대피해자: 새벽배송 장거리 화물 ​반도체 레버리지가 만든 초재앙​ 코스피 9300, 코스닥 1200까지 폭등 > 현재 5300, 620 ㅆㅂ 하이닉스 폭등 조정은 뭐 그럴 수 있음 근데 환율이 ​1560원​ 까지 폭등 ​최대승리자:​ 차없는새끼, 출퇴근거리 가까운새끼, 주식안한새끼들 - dc official App"
dc_body,국내주식갤,3252,,,어제 15층에 오늘 12층이니 곧이긴 할거 같은데 6~7층때는 들어갈만 할까요 ?
dc_body,국내주식갤,3251,,,그때 사세요
dc_title,해외주식갤,8358620,,,코스피양전 ㅋㅋㅋㅋㅋ
dc_title,해외주식갤,8358619,,,글리젠 이정도까지 박살난건 드문데
dc_title,해외주식갤,8358618,,,autl사기 vs bzai사기 vs 힘스사기
dc_title,해외주식갤,8358617,,,테롱 분명 6주석이였는데
dc_title,해외주식갤,8358616,,,3년만에 막걸리 한병 먹었더니 존나 취하네 와
dc_title,해외주식갤,8358615,,,1년 내로 100베거 먹여줄 언더독 티커
dc_title,해외주식갤,8358614,,,아 잘잤다
dc_title,해외주식갤,8358613,,,대가리 깨진 롱숭이는 지금 산다
dc_title,해외주식갤,8358612,,,급등주 데이상치면 프장까지 들고가능 거 도박임?
dc_title,해외주식갤,8358611,,,나 그냥 다 팔았음
dc_title,해외주식갤,8358610,,,반등해도 갤 리젠 엄청없긴하네
dc_title,해외주식갤,8358609,,,도요타자동차 2026년 1분기 실적 발표
dc_title,해외주식갤,8358608,,,토익 950 넘기면 취준할 때 이득 더 보는 거 있나
dc_title,해외주식갤,8358607,,,오랜만에 데이장 크게버네
dc_title,해외주식갤,8358606,,,물린것만 그냥 들고있는 상황임
dc_title,해외주식갤,8358605,,,아다 데이상가격 직전에 익절완료
dc_title,해외주식갤,8358604,,,지수 추종 반도체 비율 차이 크네?
dc_title,해외주식갤,8358603,,,삼전 내년초까지 40만은 가야 성과급으로 주는 지분 적어짐
dc_title,해외주식갤,8358602,,,코스피 순환매임?..꼴에
dc_title,해외주식갤,8358600,,,임시파딱 넘겨봐
dc_title,해외주식갤,8358599,,,앞으로 채권수요 위해서라도
dc_title,해외주식갤,8358598,,,여기 삼전 주주잇냐
dc_title,해외주식갤,8358597,,,아다지오 저게 데이하한 보냈다가 올린거임?
dc_title,해외주식갤,8358596,,,이제 이번주 데이장에 아다지요 같은거보고
dc_title,해외주식갤,8358595,,,아다 뭐냐 저거 저런 작전도있어?
dc_title,해외주식갤,8358594,,,야마하 떡상
dc_title,해외주식갤,8358593,,,"LG전자 CDU, 미국 빅테크에 첫공급"
dc_title,해외주식갤,8358592,,,와 진짜 개씨발 ㅋㅋㅋㅋ S&P500은 또 고점까지 갔네
dc_title,해외주식갤,8358591,,,코루  ㅋㅋ
dc_title,해외주식갤,8358590,,,오이 헤이러들아 질문이 있다
dc_title,해외주식갤,8358589,,,내일 수강신청이라 ㅈㄴ 떨리네
dc_title,해외주식갤,8358588,,,ADGM 난 뭐한걸까?
dc_title,해외주식갤,8358587,,,아씨발 이룽 어제 0.9주운거 내비둘걸
dc_title,해외주식갤,8358586,,,샌롱 버틸걸
dc_title,해외주식갤,8358585,,,잡주판에서 제일 멍청한 새끼 ㅇㅇ
dc_title,해외주식갤,8358584,,,난 어차피 isa 쓸일 없긴 한데
dc_title,해외주식갤,8358583,,,아다지오 같은거 1년에 몇번 나오긴함
dc_title,해외주식갤,8300732,,,지난번 해주갤 유혈사건 정리
dc_title,해외주식갤,7548961,,,장 구릴땐 어플 끄고 E컵 신인 av데뷔작이나 보자
dc_title,해외주식갤,8358582,,,항공유는 우리나라가 수출 많이한다며 원유수입 막히면
dc_title,해외주식갤,8358581,,,아다 지금은 못들간다 패스..
dc_title,해외주식갤,8358580,,,아 미친 ㅋㅋ 아다지오 샀다 팔았는데
dc_title,해외주식갤,8358579,,,아다 아직 20%  더 오를수는 있을걸?
dc_title,해외주식갤,8344788,,,해붕이들 돈잃으라 스트레스 받을텐데 이거라도 봐라
dc_title,해외주식갤,8272339,,,변호사 피셜 봐도 안 잡혀가는 야동
dc_title,해외주식갤,8358578,,,아다지오 저거 8시반 기준이면
dc_title,해외주식갤,8358577,,,아다지요 줄먹했는데 왜 계속가냐
dc_title,해외주식갤,8358576,,,aaoi는 어닝서프 못나오지 차라리 가이던스를 봐야함
dc_title,해외주식갤,8358574,,,아디지오 오르는이유: 사람들이 사니까
dc_title,해외주식갤,8358573,,,트황원유언급보니 이란이 주도권 갖고있는건 맞나보네
dc_title,해외주식갤,8358572,,,아다 지금 들어가?
dc_title,해외주식갤,8358571,,,계좌 청산당하고 먹는 첫 끼
dc_title,해외주식갤,8358570,,,아다 저건 누가 장난치는거야?
dc_title,해외주식갤,8358569,,,암드 어닝 전에 인텔좀 사둘까 이거 펠로시픽인데 좀 빌빌댐
dc_title,해외주식갤,8358568,,,암만 봐도 회광반조 같은데
dc_title,해외주식갤,8358567,,,이사람 1년사이에 무슨일이 있었길래
dc_title,해외주식갤,8358566,,,테슬롱 물타려고 들어가보니 3천없다고 민심 박살나있네
dc_title,해외주식갤,8358564,,,아다지요 복어같지요
dc_title,해외주식갤,8358562,,,아다 왜사냐고 하자마자 쏘는게전나웃기내
dc_title,해외주식갤,8358561,,,ISA 관련 이벤트 증권사
dc_title,해외주식갤,8358560,,,아다지요ㅅㅅㅅㅅ
dc_title,해외주식갤,8358558,,,아 ㅋㅋㅋ 아다지오 탈출 맛있네 ㅋㅋㅋㅋㅋ
dc_title,해외주식갤,8358556,,,아다 뭐임? 갑자기 리버스 2주석이네
dc_title,해외주식갤,8358555,,,환차손 1주석 이거맞냐 진짜
dc_title,해외주식갤,8358554,,,아니 근데 급등주 뭘보고 프장때 사는거임?
dc_title,해외주식갤,8358553,,,아다지오 데장 최고가ㅋㅋ
dc_title,해외주식갤,8358552,,,장마감 후 골라본 티커
dc_title,해외주식갤,8358551,,,ADGM 째리는애들은 이해가안가네
dc_title,해외주식갤,8358550,,,원달러 빨리 1551원으로 올려다오
dc_title,해외주식갤,8358549,,,환율 안본사이에 많이 내려갔었네
dc_title,해외주식갤,8358548,,,국장은 기술주 뒤져도 오르는 방어주가
dc_title,해외주식갤,8358547,,,아다지오 방금 하한가 잠깐 풀렸는데
dc_title,해외주식갤,8358546,,,원달러 오르는데 10년물도 오른다
dc_title,해외주식갤,8358545,,,만약 하닉 124만원 뚫린다면 국장 그만해야겠다
dc_title,해외주식갤,8358544,,,노네 한상희 어케 보냐
dc_title,해외주식갤,8358543,,,흡연자들 담배 피면 안무기력하냐?
dc_title,해외주식갤,8358542,,,근데 외국인 레버리지 인버스 ETF 못타게 하는게 뭔 의미가 있는거임
dc_title,해외주식갤,7836076,,,오늘자 뉴스 코스피 조롱
dc_title,해외주식갤,8358541,,,ISA 핫 하길래 보도자료 쭊 내리는데
dc_title,해외주식갤,8358538,,,INHD 정찰 1주샀다
dc_title,해외주식갤,8358536,,,하락장 주식방송 특
dc_title,해외주식갤,8358535,,,아다지오 아깐 장난이였는데
dc_title,해외주식갤,8358534,,,주식하면안된다 10년동안 보겠노
dc_title,해외주식갤,8358533,,,한국 인플레이션 둔화에도 연속 금리 인상 가능성
dc_title,해외주식갤,8358532,,,스엑 실적 볼 필요없을듯
dc_title,해외주식갤,8358531,,,트럼프 최근 인하타령 다시 시작했던데
dc_title,해외주식갤,8358530,,,빨랑튀어 역 2주석 입갤ㅋㅋㅋㅋㅋㅋㅋ 할때 쳐들어갈걸
dc_title,해외주식갤,8358529,,,와 isa 심각하네 ㅋㅋㅋㅋㅋㅋ
dc_title,해외주식갤,8358528,,,스엑 숏이냐 롱이냐 ㅋㅋ
dc_title,해외주식갤,8358527,,,일론<<이새끼 AI개발비용을 우주에 끼워팔고있음
dc_title,해외주식갤,8358526,,,아오이 어닝서프 할 것 같냐?
dc_title,해외주식갤,8358525,,,스페이스 X 락업 물량?
dc_title,해외주식갤,8358524,,,근데 isa 계좌 생각보다 이슈 안되노
dc_title,해외주식갤,8358523,,,몬스터도 콜옵션이 있을까?
dc_title,해외주식갤,8358522,,,블룸버그 “한국 투자 부적격 국가 되나”...코스피 변동성 맹비난
dc_title,해외주식갤,8358521,,,국장은 하는거 아니야 시팔
dc_title,해외주식갤,8358520,,,와 나 23년도부터 계속 2000만원씯 isa
dc_title,해외주식갤,8358519,,,Rklb 215불 10월까지 가능한가
dc_title,해외주식갤,8358518,,,밖에서 일 하는데
dc_title,해외주식갤,8358517,,,삼전만큼 벨류 엉망인 종목은 없는듯
dc_title,해외주식갤,8358516,,,텐베거찍어서원금회복하면 앞으로는...
dc_title,해외주식갤,8358515,,,isa 이해 1도 못함
dc_title,해외주식갤,8358514,,,푸키먼챔피언스 시작했음
dc_title,해외주식갤,8358513,,,달러가 최고다 생각하고 직투만했는데ㅋㅋㅋㅋㅋ
dc_title,해외주식갤,8358512,,,텐부기 저점에서 먹는 고수들 있음??
dc_title,해외주식갤,8358511,,,여름에 양파랑 치즈값 보태서 주식하는 법
dc_title,해외주식갤,8358510,,,Isa 저래서 안함
dc_title,해외주식갤,8358509,,,객관적으로 잡주 불장은 맞지않음?
dc_title,해외주식갤,8357010,,,isa 이거 뭐임?
dc_title,해외주식갤,8358508,,,isa 심각하네
dc_title,해외주식갤,8358507,,,토스 시바 ㅋㅋㅋ 시장신뢰 훼손
dc_title,해외주식갤,8358506,,,저거 뭐임?????
dc_title,해외주식갤,8358505,,,괴렘콘 업뎃했네
dc_title,해외주식갤,8358504,,,"종전,휴전=대풀롱이 맞을까 과연"
dc_title,해외주식갤,8358503,,,에흐르 어제 개떡상했네
dc_title,해외주식갤,8358502,,,국장 그새 또 뒤졌네 ㄷㄷ
dc_title,해외주식갤,8358501,,,도로에서 비키니만 입고 썬탠하던 여자 자지 본 썰 푼다
dc_title,해외주식갤,8358500,,,어제 미장 본장 램도 축제 분위기 아녔냐
dc_title,해외주식갤,8358499,,,삼전 골드만 갑자기 100만주나 던져?
dc_title,해외주식갤,8358498,,,더위 ㄹㅇ 재난 수준인데
dc_title,해외주식갤,8358497,,,국장 램혁수 안가니까 무거운거봐라
dc_title,해외주식갤,8358496,,,오늘부터 원칙 어길 시 잘생긴 얼굴 공개함
dc_title,해외주식갤,8358495,,,커넥사 어제 올린거 다떨군거야?ㅋㅋ
dc_title,해외주식갤,8358494,,,광쫀쿠 국장에서 탈거면
dc_title,해외주식갤,8358493,,,환율 말이 안됨
dc_title,해외주식갤,8358492,,,텐베거를 보고싶구나
dc_title,해외주식갤,8358491,,,냉잔치국수 후기
dc_title,해외주식갤,8358490,,,레버가 잘못된거면
dc_title,해외주식갤,8358489,,,다른갤 요즘에서야 구경하는데
dc_title,해외주식갤,8358488,,,폭염지원금 필요하다고 생각하면 개추 ㅋㅋ
dc_title,해외주식갤,8358486,,,단일레버 만든 이유의 금융위원장 답변이래
dc_title,해외주식갤,8358485,,,나우 이제 1%네 ㅅㅂㅋㅋ
dc_title,해외주식갤,8358484,,,옥시는 주가 존나 징하네
dc_title,해외주식갤,8358483,,,이제 봤는데 GME 10프로 빠졌네
dc_title,해외주식갤,8358482,,,공모주청약 좆댓네
dc_title,해외주식갤,8358481,,,포모라는 감정이 제일 무서운거같다
dc_title,해외주식갤,8358480,,,규제가 증시 신뢰도 바닥을 더 만드는 꼴
dc_title,해외주식갤,8358479,,,냉잔치국수 준비 완
dc_title,해외주식갤,8358478,,,씨ㅡ팍 개잡주 선취매했는데
dc_title,해외주식갤,8358477,,,돈나무 이년아 crsp 는 이제 버렸냐?
dc_title,해외주식갤,8358475,,,"트럼프는 석유회사들이 ""돈을 너무 많이 번다""며 질책했다"
dc_title,해외주식갤,8358474,,,밥 먹을 걸 예상하고 좋은 식당으로 감
dc_body,해외주식갤,8358620,,,거래량 없어서 기관이 걍 들어올리네 - dc official App
dc_body,해외주식갤,8358619,,,뭐랄까 다들 지친거같아 방식을 좀 바꿀필요가 있어 그럴땐 나도 그래서 SCO GDXU SOXL만 매매하고있거든 - 해외주식 갤러리의 글은 재무상담 및 조언에 해당하지 않습니다. 그러니 투자는 본인의 판단으로 신중하게 하세요.
dc_body,해외주식갤,8358618,,,아직 안오른 bzai?
dc_body,해외주식갤,8358617,,,물도 안탔는데 지혼자 마3까지왔음 뭐여
dc_body,해외주식갤,8358616,,,오늘 휴가 내려와서 7월에 5천 갈린것도 빡치고 어제 하따 못한거 오늘 운전하느라 삼하 하따 못한거 개빡쳐서 3년만에 막걸리 한병 마셨더니 와 술기운이 훅 올라오네 맛있긴 맛있다 술은 금주하느라 3년 존나 참았는데 5천 갈린건 못 참겠누 한숨 자야겠다 오늘은 롱장이길 빌면서 돈 많이 벌어라 해붕이들아
dc_body,해외주식갤,8358615,,,WIMI HOLO MLGO
dc_body,해외주식갤,8358614,,,반도체들 생각보다 잘버티네
dc_body,해외주식갤,8358613,,,어차피 미장은 오른다 해당 글은 재무상담 및 조언에 해당하지 않습니다. 그러니 투자는 본인의 판단으로 신중하게 하세요.
dc_body,해외주식갤,8358612,,,?? - dc official App
dc_body,해외주식갤,8358611,,,최근 1달은 예측이 쉬운 장이었는데 지금은 펀더멘탈/매크로랑 유동성이 싸우고 있는 장세임 내가 안 좋아하는 장세야 오를 수도 있지만 내리기 시작하면 진짜 밑도 끝도 없이 내릴 수 있는 장세 그런 와중에 만약 터지면 감당이 불가능한 대형 이벤트가 2개나 있음 하나는 더 이상 트럼프가 못 참는 거고 또 하나는 러시아 총동원령 둘 다 가능성을 무시할 수 없을 정도로는 있음 실버나 골드가 8% 이상 폭락하는 일이 생기면 그때부터 다시 사야지
dc_body,해외주식갤,8358610,,,진짜 한달간 여럿 죽었구나
dc_body,해외주식갤,8358609,,,"도요타자동차 2026년 1분기 실적 발표 ◆ 실적 결과 ▪ 순이익: 1조 4,800억 엔 (전년 동기 8,414억 엔) ▪ 세전이익: 1조 9,600억 엔 (전년 동기 1조 2,500억 엔) ▪ 매출: 13조 5,000억 엔 (전년 동기 12조 3,000억 엔) ◆ 가이던스 ▪ 연간 영업이익 전망: 3조 엔 → 3조 4,000억 엔으로 상향 ◆ 주주환원 ▪ 최대 1조 엔 규모 자사주 매입 예정 [출처: 스톡나우,X] - dc official App"
dc_body,해외주식갤,8358608,,,930 떴는데 함 더 칠까 고민 중 - dc official App
dc_body,해외주식갤,8358607,,,하한가에 산거 홀딩했으면 더벌었을텐데 레버를 타지 않겠습니다 스윙은 시드의 10퍼센트로만 하겠습니다
dc_body,해외주식갤,8358606,,,추매하자니 또 난리날거같아서 못사겠고 안사자니... 채권 빠지고 지수도 오르고 반등 잘 주는거같은데 진입은 못하겠고 ㅋㅋㅋㅋㅋㅋㅋㅋㅋㅋㅋㅋ 아아악!! 이러면 안되는데 - 해외주식 갤러리의 글은 재무상담 및 조언에 해당하지 않습니다. 그러니 투자는 본인의 판단으로 신중하게 하세요.
dc_body,해외주식갤,8358605,,,상 유지안하고 터뜨릴거같아서
dc_body,해외주식갤,8358604,,,- dc official App
dc_body,해외주식갤,8358603,,,적어도 이정도 되야 성과급으로 지급하는 자사주(110조기준?)가 총 지분 3~4퍼? 수준이라 경영권에 위협 안된다 ㅇㅇ 결국 주가 안띄우면 이씨집안은 죽는거라고 봄 지분 방어를 위해서라도 주가 띄울거라고 본다. 아니면 삼노조 회사됨. 뭐?? 숏충이들 말대로 주가 20만? 10만? 10만이면 걍 경영권 넘어가는 수준
dc_body,해외주식갤,8358602,,,삼닉박는거치고 잘버티네 - dc official App
dc_body,해외주식갤,8358600,,,국장 얘기하는애들 싹다 벤해버리게 칼을 꼭 들어야 어!? 여기서 삼전주주를 왜찾아!!! - 해외주식 갤러리의 글은 재무상담 및 조언에 해당하지 않습니다. 그러니 투자는 본인의 판단으로 신중하게 하세요.
dc_body,해외주식갤,8358599,,,"두가지는 어떡하든 필연적으로 한다고 봄 1. 시장 유동성 성격의 변화 기존 연준 중심에서 bank 대출 위주로의 전환 2. 스테이블 코인 부양 국채수요 공백을 메꿔야 하기때문에 스테이블 코인 부양 1,2는 시일이 걸려도 또 정권이 바뀌어도 가는 방향이라고 생각함 (긴축 없는 채권금리 안정은 공통된 방향성)"
dc_body,해외주식갤,8358598,,,삼전 매출 잘나오라고 큰맘먹고 폴드8 울트라 시킴 고마워해 ㅎㅎ
dc_body,해외주식갤,8358596,,,데이장 하한가 종목 와바밧 풀매수했다가 5시에 졸업하는 해붕이들 늘어난다. 한 패턴 나오면 그거랑 비슷한 패턴으로 털어먹는게 국룰이더라
dc_body,해외주식갤,8358595,,,처음본다 ㄹㅇ
dc_body,해외주식갤,8358592,,,"미친거 아니냐 진짜 걍 적폐노 말이 안되네 오늘부터 슨피만 산다 ㅈ같네 진짜로 모두가 S&P500, QQQ로 주식판에 뛰어들어 엔비디아 테슬라 구글 메타 아마존 M7의 맛을보고 중소형 테마주 맛을 보게 되고, 레버리지라는걸 알게되고 급상승 종목을 보다 개잡주를 하게 되고 해주갤로 흘러들어와 졸업장을 쓰고 다시 S&P500으로 돌아가는 이 슬픈 여정 난 이 이야기를 무척 좋아한다."
dc_body,해외주식갤,8358591,,,아까 포모와서 탔으면 클날뻔
dc_body,해외주식갤,8358590,,,비빔면 고명으로 오이에 계란도 안먹는단 말이냐 짜장면 고명으로 오이도 싫다 그 말인게야?? 네놈들은 맛알못이다… 지독한….지독한 놈들… - dc official App
dc_body,해외주식갤,8358589,,,성공해야만 한다...
dc_body,해외주식갤,8358588,,,직감적으로 샀다가 매도벽보고 이성적으로 팔았는데 ㅋㅋ
dc_body,해외주식갤,8358587,,,공모가 가것누 - dc official App
dc_body,해외주식갤,8358586,,,벌써 내평단이네 십ㅋㅋ 근데 안팔았으명 7불대 갔을때 눈물을 흘렸을지도.. 금요일때 저렇게 말아 올려주지 썅년 - dc official App
dc_body,해외주식갤,8358585,,,그걸 왜 지금 들어가냐 <<<<< 병신ㅉㅉ 먹을자리 보이면 들가서 먹고 단타치면 장땡이지 ㅋㅋ 우리가 뭐 장투하냐?
dc_body,해외주식갤,8358584,,,확대는 못해줄지언정 해외투자 족쇄를 하나 더 채우는건 뭐냐 어떻게든 국장 개미돈으로 떠받친다는 마인드인가
dc_body,해외주식갤,8358583,,,앱장 끝나기직전에 저렇게 퍼올리고 데이장에서 하한가 처박은뒤 점심시간때쯤에 상한가 찍고 그대로 수직낙하하는 작전 종종 있음 몇달전에 라로사인가가 그랬을걸 프장에서는 그냥저냥이었음
dc_body,해외주식갤,8300732,,,"선량한 해붕이라면 유동의 선.동과 리.딩방, 그리고 로갓고닉을 주의합시다 임상바이오주 붐은...온다!!"
dc_body,해외주식갤,7548961,,,신체 사이즈: B100: W100: H110 이 할머니는...움직인다?!! ..최강이 될 할머니!
dc_body,해외주식갤,8358582,,,미국 항공유쪽도 문제생길텐데 뭔배짱이냐 ㅋㅋㅋㅋㅋ - dc official App
dc_body,해외주식갤,8358581,,,까비 - dc official App
dc_body,해외주식갤,8358580,,,요즘 첫 투자는 무조건 10만원치만 드감(한도 백만원) 1퍼만 먹고나왔는데 수익이 1만원이길래 뭔가봤더니 실수로 풀매수 때린거였네 시발 내려갔으면 피눈물 흘렸을 듯..
dc_body,해외주식갤,8358579,,,ㅇㅇ저 개씨발 좆같은아다년 아 어제 앱장 시바 - dc official App
dc_body,해외주식갤,8272339,,,?! https://m.dcinside.com/board/tenbagger/7548961 장 구릴땐 어플 끄고 E컵 신인 av데뷔작이나 보자 - 해외주식 마이너 갤러리 신체 사이즈: B100: W100: H110이 할머니는...움직인다?!!..최강이 될 할머니! m.dcinside.com !!!!! OBD-065
dc_body,해외주식갤,8358578,,,아직 데이상 한참남은거 아님? - dc official App
dc_body,해외주식갤,8358577,,,내려와라
dc_body,해외주식갤,8358576,,,"1Q때 실적발표에서 2Q 가이던스는 이미 수요는 초과 상태에, 최대 공급 상태의 가이던스라서 그냥 저냥 맞게 나올거고 문제는 3Q 가이던스 공장 새롭게 건설된거에서 어느정도 더 팔 수 있을지가 실적에서 중요하지 공장 지연 문제 발생하면 떨굴거고 가이던스 폭발하면 오르고 단순 어닝은 서프는 나올 수 없는 구조임 다만 미달은 하면 안됨"
dc_body,해외주식갤,8358574,,,사람들이 사는이유: 주가가 오르고 있으니까 레버를 타지 않겠습니다 스윙은 시드의 10퍼센트로만 하겠습니다
dc_body,해외주식갤,8358573,,,이란 왜때린거? - dc official App
dc_body,해외주식갤,8358572,,,ㅇㅇ? - dc official App
dc_body,해외주식갤,8358571,,,맛있긴 했는데 씁쓸하다
dc_body,해외주식갤,8358570,,,아무리 생각해도 데이장 강제로 누르면서 하한가 아래에서 투매 유도 한거 같은데ㅋ 나도 오전에 하한에 주문 넣었는데 0.5176에 체결됨ㅋㅋ
dc_body,해외주식갤,8358568,,,기관들은 주식을 판다고 그걸 현금으로 가지고 있기보다는 다른 주식을 사기 때문에 반도체에서 빠진 돈이 다른 곳으로 가면서 순간적으로 쏠림 현상이 생기고 반도체주는 지금 점점 시장 관심에서 소외되는 중인 거 같음 그러면 장기적으로 결국 시장에서 돈은 빠지게 돼있고 펀더멘탈이나 매크로와 다른 방향으로 가고 있기 때문에 큰 낙폭이 만들어지기 쉬운 상황임
dc_body,해외주식갤,8358567,,,저기서 그냥 인텔장투했으면 3억이 됐을수도 있었을텐데
dc_body,해외주식갤,8358566,,,와 이러면 이번에 유입청년들 해외잡주로 대거유입되는거아니냐 애들 갈데가 거기밖에 없을텐데 ㅋㅋㅋㅋ
dc_body,해외주식갤,8358564,,,맛은 있을거같은데 딴놈들이 점점 살 발라먹는 꼴보니 지금 들어가면 독만 먹을거같지요
dc_body,해외주식갤,8358562,,,ㅋㅋㅋㅋㅋㅋㅋㅋㅋㅋㅋ
dc_body,해외주식갤,8358561,,,해외주식 갤러리의 글은 재무상담 및 조언에 해당하지 않습니다. 그러니 투자는 본인의 판단으로 신중하게 하세요.
dc_title,미국주식갤,17288837,,,국장 단타만쳐야겟고만
dc_title,미국주식갤,17288836,,,삼전 양전까지 5미니츠
dc_title,미국주식갤,17288835,,,내일은올라 확실함 홀딩!!
dc_title,미국주식갤,17288834,,,오늘 뱝값 굿굿
dc_title,미국주식갤,17288833,,,다시 쳐박더라도 지금은 반등 타이밍이긴 함
dc_title,미국주식갤,17288832,,,심하닉 계단식 무빙 존나 정직한데?
dc_title,미국주식갤,17288831,,,삼전 번지~ 운지~
dc_title,미국주식갤,17288830,,,아니 신고가엔 잘만 사면서
dc_title,미국주식갤,17288829,,,ISA계좌는 els 투자하라고 있는거 아니었음?
dc_title,미국주식갤,17288828,,,외신 한국이 가장먼저 붕괴 ㄷㄷㄷ
dc_title,미국주식갤,17288827,,,하루 30% 올리더만
dc_title,미국주식갤,17288826,,,국장 오늘 변동성도 미친 수준인데
dc_title,미국주식갤,17288825,,,대ㅡㅡㅡㅡㅡ운ㅡㅡㅡㅡㅡㅡ지
dc_title,미국주식갤,17288824,,,요즘 숏 거리는 애들 거의 쁘락치들인듯
dc_title,미국주식갤,17288823,,,캐나다왕립은행) 하이닉스 목표가 300
dc_title,미국주식갤,17288822,,,8만원짜리가 157만원이 된것도 어이없지않냐?
dc_title,미국주식갤,17288821,,,번ㅡㅡㅡ지ㅡㅡㅡㅡ엄ㅡㅡㅡ마ㅡㅡㅡ미ㅡㅡㅡㅡ안
dc_title,미국주식갤,17288820,,,국장은 서킷 소식만 들고와라 ㅇㅇ
dc_title,미국주식갤,17288819,,,갤 오랜만에 왔는데 왠 찐따새끼가 주딱 달고 있노
dc_title,미국주식갤,17288818,,,삼닉 왜 분봉이 똑같냐
dc_title,미국주식갤,17288817,,,하도 병신무빙하니까
dc_title,미국주식갤,17288816,,,팔라다가 안팔라고 내잉 떡상할듯
dc_title,미국주식갤,17288815,,,호들갑떠니까 다시 폭락하네
dc_title,미국주식갤,17288814,,,걍 주가 좀 높여서 물량 다 먹고 튈려는것 같은데
dc_title,미국주식갤,17288813,,,팩트체크)대통령님이 사라고 할때 샀으면 지금도 수익권임
dc_title,미국주식갤,17288812,,,모간스탠리 항복 지수(Capitulation Index) 분석
dc_title,미국주식갤,17288810,,,부정선거 원조들 검거당함 <<긴급>>>
dc_title,미국주식갤,17288809,,,종가에 오르는거보니뭐있음 내일 존나오를예감
dc_title,미국주식갤,17288808,,,대ㅡㅡㅡㅡㅡㅡ양ㅡㅡㅡㅡㅡㅡ전ㅡㅡㅡㅡㅡㅡ
dc_title,미국주식갤,17288807,,,거래량 쥐좆이라 갖고놀기 딱좋노 ㅋㅋ
dc_title,미국주식갤,17288805,,,삼전 저거 번지대지?
dc_title,미국주식갤,17288804,,,삼닉 안산애들이 아직도 있어?
dc_title,미국주식갤,17288803,,,2달간의 긴 횡보 끝난건가
dc_title,미국주식갤,17288802,,,하따해 붐위기가 내일 존나오를거같아
dc_title,미국주식갤,17288801,,,계속 국장 병신이라 하지마
dc_title,미국주식갤,17288800,,,언제는 놀이터 아니었냐? 언제나 환율만이 내국인 거였지
dc_title,미국주식갤,17288799,,,막말로 삼닉 지금 170까지 오른들 뭐함
dc_title,미국주식갤,17288798,,,하닉 내일 상 ㅋㅋㅋㅋㅋㅋㅋㅋㅋㅋㅋㅋㅋㅋㅋㅋ
dc_title,미국주식갤,17288797,,,냅ㅡ뚜ㅡ믄ㅡ오ㅡ른ㅡㅡㅡ
dc_title,미국주식갤,17288796,,,근데 내일 존나 오를거같아서 홀딩!!
dc_title,미국주식갤,17288795,,,김건희 어린시절부터 콘돔 치우던 삶을살아..
dc_title,미국주식갤,17288794,,,[3치 경고] 수직 급락 25 분전 !!!!!!!!!!!!!!!!!!
dc_title,미국주식갤,17288793,,,갑자기 대말올 분위기 뭐임?
dc_title,미국주식갤,17288792,,,이준석은 진짜 딱 펨대남에서 학력만 업글 시킨 버전같음
dc_title,미국주식갤,17288791,,,차트충 특
dc_title,미국주식갤,17288790,,,국장 버러지들 보면 그냥 짠함
dc_title,미국주식갤,17288789,,,[미주갤 매매법] 알려드립니다 모두 성투하세요
dc_title,미국주식갤,17288788,,,황말올이라고? 이거 구조대 오는거라고?
dc_title,미국주식갤,17288787,,,국장 ㄹㅇ 재미없어졌노ㅋㅋ
dc_title,미국주식갤,17288786,,,냅뚜면은 무적이네
dc_title,미국주식갤,17288785,,,삼닉 아침 넥장보고 따악 예상한 그대로네
dc_title,미국주식갤,17288784,,,내가 화교 13대인데 이재명 시발련아 친중이라매
dc_title,미국주식갤,17288783,,,양전하겠네
dc_title,미국주식갤,17288782,,,삼닉은 외인 혜지펀드 놀이터 된듯
dc_title,미국주식갤,17288781,,,미주갤 와서 정치글 싸지르는 국장충들을 보면 먹먹하다
dc_title,미국주식갤,17288780,,,진지하게ELS어떠냐
dc_title,미국주식갤,17288779,,,부모 티어리스트 최하급 ㄹㅇ
dc_title,미국주식갤,17288778,,,이재명 욕하니까 갑자기 오르노
dc_title,미국주식갤,17288777,,,신규 isa 어떻게 나오든 관심도 없었음
dc_title,미국주식갤,17288776,,,번지대 만들고 렛츠다이브 ㅋㅋㅋㅋㅋㅋㅋㅋㅋ
dc_title,미국주식갤,17288775,,,2027년 CAPEX 절대액보다 전망의 기울기가 다시 상향
dc_title,미국주식갤,17288774,,,하닉레버 괴리율 지랄났네 ㅅㅂ
dc_title,미국주식갤,17288773,,,근데 부정선거 진짜면 정계은퇴한다던분 뭐함 요즘?
dc_title,미국주식갤,17288772,,,으휴8월은 폭등의 달이될것
dc_title,미국주식갤,17288771,,,국장 개미 털어먹는 무빙 장난아니네
dc_title,미국주식갤,17288770,,,삼하 폭등한다 ㅋㅋㅋㅋㅋ
dc_title,미국주식갤,17288769,,,거래량이 좆도없으니까 시발 휙내렸다 휙올렸다가 ㅋㅋㅋㅋ
dc_title,미국주식갤,17288768,,,오라클 찬양한 새끼 이거보고 가라
dc_title,미국주식갤,17288767,,,한 3분뒤에 신나는 번지 할거 같은데
dc_title,미국주식갤,17288766,,,Great Korea Again
dc_title,미국주식갤,17288765,,,국장 이제끝난거아님?
dc_title,미국주식갤,17288764,,,뭐 어디 찌라시라도 떳냐?
dc_title,미국주식갤,17288763,,,초5인데 질문좀할게요
dc_title,미국주식갤,17288762,,,코스피 폭락시키고 나스닥 대폭등 시켜주십시오
dc_title,미국주식갤,17288761,,,황말올 대재멍
dc_title,미국주식갤,17288760,,,캬 루멘텀 롱 25%먹는 중ㅋㅋㅋㅋㅋㅋㅋㅋㅋㅋ
dc_title,미국주식갤,17288759,,,와 존나무섭게오룬다
dc_title,미국주식갤,17288758,,,미붕이들 반대로만 가면 됨 ㅋㅋㅋㅋㅋ
dc_title,미국주식갤,17288757,,,왜 이렇게 빨리 1557 찍나요 하이닉스!!!!
dc_title,미국주식갤,17288756,,,내린거 대통령 탓 안할테니까 오를 때 숟가락 좀 얹지마셈
dc_title,미국주식갤,17288755,,,코스피 진짜 투심뒤졌노
dc_title,미국주식갤,17288754,,,와 이번거 좀 쎈데 찐반이냐
dc_title,미국주식갤,17288753,,,국짐이든 민주당이든 ㅈ같은 놈들이 돌리지도 못하는 걸
dc_title,미국주식갤,17288752,,,장 한번 ㅈ 같네 ㅋㅋ
dc_title,미국주식갤,17288751,,,어제 오라클 사라했을때 샀으면 벌써 10%네
dc_title,미국주식갤,17288750,,,샤충이 운지 ㅅㅅ
dc_title,미국주식갤,17288749,,,"개미없으니까 그냥 개장 1시간, 끝나기 1시간만 매매하네"
dc_title,미국주식갤,17288748,,,국장 삼하 안사는 시대에 뒤쳐진 개미가 있나
dc_title,미국주식갤,17288747,,,주식 앱 리뉴얼좀 해라
dc_title,미국주식갤,17288746,,,태~원 1557복귀 ㅋㅋㅋㅋㅋㅋㅋㅋㅋㅋㅋㅋㅋ
dc_title,미국주식갤,17288745,,,탈기회도안주고 쏘네 ㅋㅋ
dc_title,미국주식갤,17288744,,,블름버그- 한국 투자 부적합국가되고있어  ㄱㄱ
dc_title,미국주식갤,17288743,,,숏충이들 정신이 들어?
dc_title,미국주식갤,17288742,,,결론적으로 주가만 낮아진채 개미한테 물량 다넘어간건데
dc_title,미국주식갤,17288741,,,호로섹스말좆양봉 출발 ㅋㅋㅋㅋㅋㅋㅋㅋㅋ
dc_title,미국주식갤,17288740,,,반도치 업 반도치 업 ㅋㅋㅋㅋㅋㅋㅋㅋㅋㅋ
dc_title,미국주식갤,17288739,,,왜이렇게 빨리떨어지나요!!!
dc_title,미국주식갤,17288738,,,아아 대상혁 이걸 막아내나요 ㅋㅋㅋㅋㅋㅋㅋㅋㅋㅋㅋ
dc_title,미국주식갤,17288737,,,황말올 캬ㅑㅑㅑㅑㅑㅑㅑㅑㅑ 솨리질러!!!
dc_title,미국주식갤,17288736,,,황 말 오올
dc_title,미국주식갤,17288735,,,코루 삼닉추종 포기한듯
dc_title,미국주식갤,17288734,,,한 +0.5퍼로 마무리하고 내일 주석 처맞을각
dc_title,미국주식갤,17288733,,,딱 19년만 더 대재명 대민주 찍어야지~~~
dc_title,미국주식갤,17288732,,,태~원 ㅋㅋㅋㅋㅋ
dc_title,미국주식갤,17288731,,,국짐은 주식 알못이 많네.. 념글 가관이네
dc_title,미국주식갤,17288730,,,저환율에 대한 대책? 경기 둔화 ㅇ
dc_title,미국주식갤,17288729,,,스마트 개미의 승리 ㅋㅋㅋㅋㅋㅋ
dc_title,미국주식갤,17288728,,,황말올 ㅋㅋ
dc_title,미국주식갤,17288726,,,내계좌가 녹아 업엊는데 4년버팀?
dc_title,미국주식갤,17288725,,,추ㅡㅡㅡ세ㅡㅡㅡㅡ전ㅡㅡㅡㅡ환
dc_title,미국주식갤,17288724,,,와 이씨발 오늘 날씨 미친
dc_title,미국주식갤,17288723,,,반도체 하따 치니 결국 먹여주네
dc_title,미국주식갤,17288722,,,좌파대통령평가
dc_title,미국주식갤,17288721,,,하닉 주주환원 얘기 안나오면 어케됨
dc_title,미국주식갤,17288720,,,1557 찍고 운지 뭐고
dc_title,미국주식갤,17288719,,,어린애 장난 수준의 코스피
dc_title,미국주식갤,17288718,,,지금 네이버 카카오 헬지전자 3사 동반상승ㅋㅋㅋㅋㅋㅋㅋ
dc_title,미국주식갤,17288717,,,번지대 쌔게 만드네ㅋㅋㅋ
dc_title,미국주식갤,17288716,,,현재 저환율에 대한 대책 없나 진심
dc_title,미국주식갤,17288715,,,ㅋㅋ 근데 국장러들 뇌가녹음?
dc_title,미국주식갤,17288714,,,어후 십 앞에사람 똥냄새에서 꾸리꾸리한 만두냄새나네
dc_title,미국주식갤,17288713,,,근데 이준석 빠는새끼들은 진짜 장애인같더라
dc_title,미국주식갤,17288712,,,태~원ㅋㅋㅋㅋㅋㅋㅋㅋㅋㅋㅋㅋㅋㅋㅋ
dc_title,미국주식갤,17288711,,,"샌디, 암드 실발 등 곧 반도체 붐 다시 올듯"
dc_title,미국주식갤,17288710,,,하닉 안산 매국노 없제ㅋㅋㅋㅋ
dc_title,미국주식갤,17288709,,,사회초년생이 민주당 찍는것만큼 병신짓이 없지
dc_title,미국주식갤,17288707,,,근데 진짜 말올 맞지 않음?
dc_title,미국주식갤,17288705,,,불꽃양봉 ㅋㅋㅋㅋㅋㅋㅋㅋㅋㅋㅋㅋㅋㅋ
dc_title,미국주식갤,17288704,,,스마트개미들이 또 이겼네 ㅋㅋㅋㅋㅋ
dc_title,미국주식갤,17288703,,,어 오늘 양전마감이야 샷충이들아 ㅋㅋㅋㅋㅋㅋ
dc_title,미국주식갤,17288702,,,반도체는 신이다 ㅅㅅㅅㅅ
dc_title,미국주식갤,17288701,,,코스피 좆사기네 ㅋㅋㅋㅋㅋ
dc_title,미국주식갤,17288700,,,태극기지지자 = 매춘부 지지자
dc_title,미국주식갤,17288699,,,오늘 속쓸 130불 간다 안전벨트 꽉 매라잇ㅋㅋㅋㅋ
dc_title,미국주식갤,17288698,,,채권 오름  배당대신 배급이라도 나오겠지
dc_title,미국주식갤,17288697,,,와 개미챴네 순식간에 다말올 양전
dc_title,미국주식갤,17288696,,,인생 고달픈애들이 남 까내리는걸 잘함
dc_title,미국주식갤,17288695,,,찐말올을 하건 섹말올을 하건
dc_title,미국주식갤,17288694,,,삼하닉 폭풍 말ㅈ 호로 양봉
dc_title,미국주식갤,17288693,,,장끝나기전에 삼닉양전각이네 ㅋㅋㅋ
dc_title,미국주식갤,17288692,,,왜이렇게빨리오르나요 가격재입갤ㅋㅋㅋ
dc_title,미국주식갤,17288691,,,촛불들고 광화문가면 탄핵되는거아님
dc_body,미국주식갤,17288836,,,살아있네 - dc official App
dc_body,미국주식갤,17288835,,,ㅋ - dc official App
dc_body,미국주식갤,17288834,,,앙 기모띠 - dc official App
dc_body,미국주식갤,17288833,,,국장도 미국 따라서 중간선거 전까지는 롱이다 ㅇㅇ
dc_body,미국주식갤,17288832,,,개미들이 슬슬 안 속으니까 한번씩 팍 올리는 무빙 주고 번지대 만들어서 다시 던짐 이 짓을 오전에 한번 오후에 한번씩 반복하면서 최종 하락으로 끝냄 걍 6~7월 내내 했던 짓임
dc_body,미국주식갤,17288831,,,거래량 터지면서 개미 꼬시는 차트 뻔하다 뻔해ㅋㅋㅋ
dc_body,미국주식갤,17288830,,,ㅋㅋ 많이 빠져서 반등 먹으라는데도 무서워서 못삼 사람심리란 참
dc_body,미국주식갤,17288829,,,원금보장 5퍼 짜리에 세금도 안떼서 개꿀인데 ㄹㅇ
dc_body,미국주식갤,17288828,,,좃됐노
dc_body,미국주식갤,17288827,,,이제 한달내내 장난치다 쳐내리겠군
dc_body,미국주식갤,17288826,,,지난달이 너무 압도적이라 상대적으로 양호해보임 - dc official App
dc_body,미국주식갤,17288824,,,며칠간 보면서 느낌 어떻게든 물량 주워먹으려고 세뇌용 알바쓴 느낌임 타이밍이 항상 절묘할때 나옴 중공 댓글 선동부대와 비스무리 한게
dc_body,미국주식갤,17288823,,,https://x.com/FirstSquawk/status/2084515609648439755 풀매수했대
dc_body,미국주식갤,17288822,,,1년만에 말이다 ㅋㅋㅋ - dc official App
dc_body,미국주식갤,17288819,,,ㅈㄴ잼 념글 가지고 지들끼리 낄낄 거리고 있네 드립 폼 다 뒤졌네
dc_body,미국주식갤,17288818,,,개걸레 다됐노
dc_body,미국주식갤,17288817,,,말좆양봉꽂아도 고대로 내릴게 눈에훤하노;;
dc_body,미국주식갤,17288816,,,ㅡ - dc official App
dc_body,미국주식갤,17288815,,,ㅋㅋㅋㅋ
dc_body,미국주식갤,17288814,,,이게 뭔 말올이노ㅋㅋㅋㅋㅋㅋㅋㅋㅋ - dc official App
dc_body,미국주식갤,17288813,,,뭐 아쉽지만 8천에 상투 튼 윤찍이들은 어쩌것냐
dc_body,미국주식갤,17288812,,,"1. 현재 수치 • 현재 항복 지수 수치 -2.53 기록 • 기술적 구간: 표준편차 하단선(-1SD)을 크게 하회하는 극단적 과매도 영역 진입 2. 수급 및 심리 측면의 시사점 • 레버리지 청산 완료: 단일종목 레버리지 ETF 및 신용융자 잔고의 반대매매 및 강제 청산이 막바지에 다다름 • 투매 심리 극대화: 시장 참여자들의 공포에 의한 무차별 매도세가 최상단에 도달 • 매도 압력 완화: 시장 내 수급 악재 및 수급 불균형이 상당 부분 해소 3. 역사적 비교 및 바닥 신호 • 과거 위기 수준 근접: 2008년 글로벌 금융위기, 2011년 유럽 신용위기, 2018년 미·중 무역분쟁, 2020년 코로나19 팬데믹 당시 저점에 근접 • 비위기 상황에서 저점 달성: 실물 경기 위기가 아닌 상황에서 형성될 수 있는 최저점 도달 • 역사적 반등 패턴: 해당 지수가 -2.5 이하를 기록한 직후 시장은 강력한 반등세 또는 단기 바닥 형성 4. 투자 전략 및 시사점 • 역발상 투자 기회: 극단적 음수(-) 값 도달에 따른 분할 매수 구간 도입 • 기술적 조정 마무리: 하방 리스크 대비 반등 시 상방 열림 폭이 큰 저평가 매력 구간"
dc_body,미국주식갤,17288810,,,원조갓카 박정희 원조부정선거 박정희 ^^♡
dc_body,미국주식갤,17288809,,,ㅜ - dc official App
dc_body,미국주식갤,17288808,,,ㅋㅋㅋㅋㅋㅋㅋㅋㅋ
dc_body,미국주식갤,17288805,,,저 무빙에 당한게 한두번 아닌데
dc_body,미국주식갤,17288804,,,바본가 - dc official App
dc_body,미국주식갤,17288803,,,환차손은 좀 입었지만 1500원은 비정상이었고 ㄹㅇ - dc official App
dc_body,미국주식갤,17288802,,,ㄴ - dc official App
dc_body,미국주식갤,17288801,,,코스닥은 3일 연속 매수 사이드카였어!
dc_body,미국주식갤,17288800,,,증시는 우리 거 아니었어
dc_body,미국주식갤,17288799,,,어차피 보나마나 또 하루도 안가서 조울증 개지랄할텐데 그냥 안건드리는게 답임
dc_body,미국주식갤,17288798,,,초상 vs 떡상  대결 ㅋㅋ - dc official App
dc_body,미국주식갤,17288797,,,ㅡㅡㅡㅡ
dc_body,미국주식갤,17288795,,,4수인지 7수인지 하는 걸뱅이랑 결혼후 버릇못고치고 땅투기 하다가 정권상납 ㅋㅋ
dc_body,미국주식갤,17288794,,,[3치 경고] 수직 급락 25 분전 !!!!!!!!!!!!!!!!!!
dc_body,미국주식갤,17288793,,,찐반?
dc_body,미국주식갤,17288792,,,자기가 아는건 별로 없으면서 아는척은 ㅈㄴ 하고 이성적인척도 ㅈㄴ함 근데 실속은 없고 찐따라 친구도 없음 얼굴 못생긴건 덤
dc_body,미국주식갤,17288791,,,누가봐도 정상이 보이는데 저기가 정상입니다 외치고 박수 받고 차트의 신 빙의 됨 물론 정상 전까지 올라 가면서 봉우리 보일 때 마다 저기가 정상이라고 함
dc_body,미국주식갤,17288790,,,저새끼들도 이미 좆같이 암울한 상황이란거는 알듯 근데 계속 미주갤에서 삼하로 바람잡는 이유가 그렇게 선동해서 광기로 단기고점이라도 찍어보려고 이미 기름 없는 라이터 불붙이려고 눈물 질질짜면서 끝도 없이 시도하는 개만도 못한 버러지 새끼들을 보는느낌임 - dc official App
dc_body,미국주식갤,17288789,,,"1. 미주갤에들어가서 념글, 2. 미붕이들 여론, 공포 희열지수등을 측정한다. 3. 반대로 매매한다 4. 부자가된다 성투하세요"
dc_body,미국주식갤,17288787,,,도파민 안생기네
dc_body,미국주식갤,17288786,,,냅뚜기
dc_body,미국주식갤,17288785,,,애무만 존나게 하다가 보합
dc_body,미국주식갤,17288784,,,1600년대에 귀순한 명나라 장수 좆물 출신인데 왜 나는 안 퍼주냐? 다른 짱개들은 존나 퍼주면서 왜 나는 예비군 훈련까지 다 받아놓게 하고 주는 거 좆도 없노 씹새기가
dc_body,미국주식갤,17288782,,,기관은 삼닉유기하고 순환매 돌리는걸로 전략 변경하고
dc_body,미국주식갤,17288781,,,이 험한 세상을 어찌살아갈까싶다 - dc official App
dc_body,미국주식갤,17288780,,,코스피 5천이상유지시 3달뒤에 연20퍼 금리 or 만기코스피 2100이상시 1년뒤 연20퍼
dc_body,미국주식갤,17288779,,,"돈없고 아픈데 징징대면서 오래 투병하다 죽는 부모 스트레스,부양비,병원비 개씨발joat"
dc_body,미국주식갤,17288778,,,이거 진짜인거냐
dc_body,미국주식갤,17288777,,,예전에 출시하기 전부터 신규 isa상품이나 청년형isa같은거 나오면 국내주식 투자만 가능하고 해외투자는 불가능할거라고 들었으니까.. 나는 국내상장한 해외etf같은거에만 투자해서 그냥 계좌 개설 3년차 때 비과세혜택 전부 타먹을 수 있으면 타먹고 해지하고 재가입하고 반복이라 신규isa가 어케 나오든 관심도 없었는데 기존 ISA계좌까지 건드니까 걍 좆같네 - dc official App
dc_title,한국주식갤,3097335,,,숏커버 같은 소리하넼ㅋㅋ
dc_title,한국주식갤,3097334,,,주식 저번달에 시작한 주린인데 질문좀
dc_title,한국주식갤,3097333,,,코카콜라 손실투자자 0.99% 레전드노
dc_title,한국주식갤,3097332,,,결국 오늘은 모두가 행복한 하루였네
dc_title,한국주식갤,3097331,,,아니 갑자기 왜 불꽃발기함??
dc_title,한국주식갤,3097330,,,180한번만 와라 제발
dc_title,한국주식갤,3097329,,,야선대로간다고했지요
dc_title,한국주식갤,3097328,,,삼하닉 종베할거냐..? 내일 미장반도체어찌되려나
dc_title,한국주식갤,3097327,,,정신병차트
dc_title,한국주식갤,3097326,,,코스피 양전 다큰낙타
dc_title,한국주식갤,3097325,,,하닉 보합 가능?
dc_title,한국주식갤,3097324,,,연기금의 대모험 끝
dc_title,한국주식갤,3097323,,,오늘종가는 보합 시전하겟네
dc_title,한국주식갤,3097322,,,내일은 연기금이 사주겠지
dc_title,한국주식갤,3097321,,,롱숏 빨래질로 죽이는 장
dc_title,한국주식갤,3097320,,,6500 간다
dc_title,한국주식갤,3097319,,,오케이 15시 41분 매수 확인
dc_title,한국주식갤,3097318,,,외국인들 지금 포모상태입니다
dc_title,한국주식갤,3097317,,,"현재 기준 = 외인 , 기관 , 개미 매수동향"
dc_title,한국주식갤,3097316,,,개인 순매수 왤캐 마니 찍히지
dc_title,한국주식갤,3097315,,,저번에 샌디 실발이후로
dc_title,한국주식갤,3097314,,,무빙 무서움
dc_title,한국주식갤,3097313,,,이쯤되면 월가에 티원 안티 있는거 아니나
dc_title,한국주식갤,3097312,,,하닉 148 한번만 더 오면 그땐 진짜 살거면 개추
dc_title,한국주식갤,3097311,,,하이닉스 찌라시 도나본데? 오늘 미장 재밌겠다 ㅇㅇ
dc_title,한국주식갤,3097310,,,코스닥이 3거래일 연속 잘 올라서 좋은데
dc_title,한국주식갤,3097309,,,종필이 삼전 단타치러왓네 시발ㅋㅋㅋ
dc_title,한국주식갤,3097308,,,누렁이 ㅋㅋㅋㅋㅋㅋㅋ
dc_title,한국주식갤,3097307,,,살려살려마
dc_title,한국주식갤,3097306,,,hbf 분석
dc_title,한국주식갤,3097305,,,국장 힘들다 ㅠㅠㅠ
dc_title,한국주식갤,3097304,,,삼닉 황말올 이거지
dc_title,한국주식갤,3097303,,,종가에 개미들 납치하고 밤에 미장에서 알제?
dc_title,한국주식갤,3097302,,,오늘 반도체 몰빵러 말고는 다 벌고있지 않음?
dc_title,한국주식갤,3097301,,,황금종필이 삼전매수 뭐냐??
dc_title,한국주식갤,3097300,,,카카오페이 오늘 실적 좋았는데 48000원 가보자
dc_title,한국주식갤,3097299,,,뭐이리 뜬금없이 장막판에 말올하냐
dc_title,한국주식갤,3097298,,,오늘 종베 고?
dc_title,한국주식갤,3097297,,,오늘 장 건강하노 ㅋㅋㅋ
dc_title,한국주식갤,3097296,,,3시20분전에 현금 100%이신분들은 25% 담으세요
dc_title,한국주식갤,3097295,,,숏충이들 설렜어?
dc_title,한국주식갤,3097294,,,아니 ㅅㅂ 시총이 팬오션>롯데케미칼?
dc_title,한국주식갤,3097293,,,똥색 양말 놈들 존나 웃기네
dc_title,한국주식갤,3097292,,,씨ㅣㅣㅣㅣ발 또 속았따ㅏㅏㅏㅏㅏㅏ
dc_title,한국주식갤,3097291,,,누렁이 하닉 20만 폭탄 ㅅㅂ
dc_title,한국주식갤,3097290,,,오늘 주식 처음 해봤는데 4만원 벌었다
dc_title,한국주식갤,3097289,,,스마트 개미는 모르겠지만
dc_title,한국주식갤,3097288,,,양말 이새끼 뭐하는거냐?? 해석좀해봐 씨발
dc_title,한국주식갤,3097287,,,왜 이렇게 빨리 흐르나요 하이닉스!!!
dc_title,한국주식갤,3097286,,,돔황챠 뽑았다 널 데리러가
dc_title,한국주식갤,3097285,,,삼닉 또 놓쳤으면 개추
dc_title,한국주식갤,3097284,,,대 납 치 ㅋㅋㅋ
dc_title,한국주식갤,3097283,,,정신병 걸리고 싶지 않으면 당분간 주식 접어라
dc_title,한국주식갤,3097282,,,"하닉,샌디스크 차세대 메모리 HBF 표준 공개"
dc_title,한국주식갤,3097281,,,외국인들이 원하는건
dc_title,한국주식갤,3097280,,,데브 씨발 드디어 양전ㅋㅋㅋㅋㅋ
dc_title,한국주식갤,3097279,,,다날 사지마라 지금은
dc_title,한국주식갤,3097278,,,코스닥 분할매수나 해봐야지
dc_title,한국주식갤,3097277,,,롱숭이들은 이 노래나 들어라
dc_title,한국주식갤,3097276,,,삼닉 주주들 수익인증 왜케 줄었음??
dc_title,한국주식갤,3097275,,,왜 맨날 속는거임?
dc_title,한국주식갤,3097274,,,개미폭탄이다
dc_title,한국주식갤,3097273,,,현대차는오늘도고고하다
dc_title,한국주식갤,3097272,,,자 불지옥 하락 시작ㅋㅋㅋㅋㅋ
dc_title,한국주식갤,3097271,,,하닉 꼬라지보니 양전은 무리다 그리고 주주환원낚시 낚이지마라
dc_title,한국주식갤,3097270,,,ㅋㅋㅋㅋㅋㅋ 개잡주무빙ㅋㅋㅋㅋㅋㅋ
dc_title,한국주식갤,3097269,,,"하닉 180, 110 뭐가 더빠름"
dc_title,한국주식갤,3097268,,,장 존나 재미없어보이냐 왤캐
dc_title,한국주식갤,3097267,,,황 말 올 (-24%)
dc_title,한국주식갤,3097266,,,설렜냐??ㅋㅋ
dc_title,한국주식갤,3097265,,,번지대였누
dc_title,한국주식갤,3097264,,,오늘도 만선이네 ㅋㅋㅋ
dc_title,한국주식갤,3097263,,,매도버튼 빼고 매수로 대응하라
dc_title,한국주식갤,3097262,,,카카오페이 저거 걍 프매 설정 때문에
dc_title,한국주식갤,3097261,,,낼 스엑 어닝콜인데
dc_title,한국주식갤,3097260,,,코스닥 사면 지수로삼?
dc_title,한국주식갤,3097259,,,찐으로 개미들 잘싸웠다
dc_title,한국주식갤,3097258,,,[3차경고] 수직 급락 25분전 !!!!!!!!!!!!!!!!!!
dc_title,한국주식갤,3097257,,,자 하락시작
dc_title,한국주식갤,3097256,,,골드만 하닉 20만주 폭탄투하 ㅅㅂ
dc_title,한국주식갤,3097255,,,목전에 닥친 빅이벤트가 암드 어닝콜인가
dc_title,한국주식갤,3097253,,,키야 쭉쭉 밀리노
dc_title,한국주식갤,3097252,,,장 진짜 정병올꺼같네ㅋㅋㅋㅋ
dc_title,한국주식갤,3097251,,,대 납 치
dc_title,한국주식갤,3097250,,,오늘 양전 걸럿다 ㅋㅋㅋㅋㅋㅋ
dc_title,한국주식갤,3097249,,,다타셨죠?? 그럼 음봉열차출발합니다 ㅋㅋㅋㅋㅋ
dc_title,한국주식갤,3097248,,,곱버스 사랬재 ㅋㅋ
dc_title,한국주식갤,3097247,,,납치인과
dc_title,한국주식갤,3097246,,,삼전하닉 무빙이 500원단위로 완벽 일치::
dc_title,한국주식갤,3097245,,,하이닉스 << 다시 150 가야하면 개추 ㅋㅋ
dc_title,한국주식갤,3097244,,,진짜 내일 모레부터 반도치 미래가 결정된다
dc_title,한국주식갤,3097242,,,삼성전기 양전 성공ㅋㅋㅋ
dc_title,한국주식갤,3097240,,,아오늘저녁부터 하닉 주주환원공시가능하다고
dc_title,한국주식갤,3097239,,,다시 코스피 9천은 지구멸망해도안옴?
dc_title,한국주식갤,3097238,,,삼전 그분들이 오신다 ㄷㄷㄷㄷㄷㄷㄷㄷㄷ
dc_title,한국주식갤,3097237,,,단타진건가
dc_title,한국주식갤,3097236,,,또 속 았 다
dc_title,한국주식갤,3097235,,,에에잇
dc_title,한국주식갤,3097234,,,숏커버 이지랄 ㅋㅋㅋㅋㅋㅋㅋㅋㅋㅋㅋㅋㅋㅋㅋㅋㅋㅋㅋㅋㅋㅋㅋㅋㅋㅋㅋㅋㅋㅋㅋ
dc_title,한국주식갤,3097233,,,하닉 120일 회복한거 아닌가? 지리노 ㅋㅋ
dc_title,한국주식갤,3097232,,,이대로만 끝나도 하닉 내일 상승하는 꼬라진데
dc_title,한국주식갤,3097231,,,캬 ㅋㅋㅋ 찐반올 ㅋㅋㅋㅋ (-1.02%)
dc_title,한국주식갤,3097230,,,양전하든 말든 삼닉에 아무런 미련 없으면
dc_title,한국주식갤,3097229,,,모든게 '그새끼' 때문이면 개추 ㅋㅋㅋㅋ
dc_title,한국주식갤,3097228,,,야 뭐 하나만 물어보자
dc_title,한국주식갤,3097227,,,수익은 당연해
dc_title,한국주식갤,3097225,,,저는 삼전을 23밑에서 매도한 병신입니다
dc_title,한국주식갤,3097224,,,표독한 램혁수와 비교되는 주식
dc_title,한국주식갤,3097223,,,-1퍼 개미들 FOMO오는 최고의 수치
dc_title,한국주식갤,3097222,,,하이닉스 레버 정리햇다 이제 더는 못참겟다
dc_title,한국주식갤,3097221,,,캬씨발 느금씨발 애미 섹스 양봉 ㅋㅋㅋ
dc_title,한국주식갤,3097220,,,아니 코스피 양전 못하게 누르는거 같은데?
dc_title,한국주식갤,3097219,,,레버리지 인버스 모두를죽인다
dc_title,한국주식갤,3097218,,,미안한데
dc_title,한국주식갤,3097217,,,1557은 든든 월마리아네
dc_title,한국주식갤,3097216,,,퀴즈타임이네 위냐 아래냐 ㅋㅋㅋㅋ
dc_title,한국주식갤,3097215,,,확실히 숏커버 온거 맞음 ㅇㅇ
dc_title,한국주식갤,3097214,,,삼전 하루동안 ㅈㄴ 많은 일이 있었지만 결국 시초가엔딩이네
dc_title,한국주식갤,3097213,,,이씨발 왜또반등하는데
dc_title,한국주식갤,3097212,,,삼전 외국인 동향
dc_title,한국주식갤,3097211,,,햄이 하나 팔아줫다
dc_title,한국주식갤,3097210,,,코스피 “0” 을 향한 추락 직전 마지막 보합인데
dc_title,한국주식갤,3097209,,,모야모야 ~~~~~~ 횽들 왜 또 반등이야 설레게 ㅋㅋㅋㅋㅋㅋㅋㅋㅋㅋㅋ
dc_title,한국주식갤,3097208,,,소로스 재귀이론대로 자연스러운 조정이 와야되는데
dc_title,한국주식갤,3097207,,,삼전기 양전 대호황
dc_title,한국주식갤,3097206,,,섹스
dc_title,한국주식갤,3097205,,,얼마올랏다고 호들갑이야
dc_title,한국주식갤,3097204,,,lg전자는 사면 안 되는 주식임??
dc_title,한국주식갤,3097203,,,설마 번지대냐?
dc_title,한국주식갤,3097202,,,변동성이 이모양이면 레버는 롱이든 숏이든 다 죽겠는데
dc_title,한국주식갤,3097201,,,📊 실시간 수급
dc_title,한국주식갤,3097200,,,삼전이 벌떡벌떡
dc_title,한국주식갤,3097199,,,코스닥 900까진 가려나
dc_title,한국주식갤,3097198,,,와 근데 존나 사고싶게 하네
dc_title,한국주식갤,3097197,,,개 씨 발 부거 뿌리게 생겼네
dc_title,한국주식갤,3097196,,,삼전의원 진짜 돌아오나요
dc_title,한국주식갤,3097195,,,삼전 23.5에 100개 샀다 가즈아~
dc_title,한국주식갤,3097193,,,지금 집팔고 풀대출 껴서 삼전하이닉에 탑승하라
dc_title,한국주식갤,3097192,,,멘헤라무빙뭐지요
dc_title,한국주식갤,3097191,,,슈카를 주식분석때매 보진않지
dc_title,한국주식갤,3097190,,,짤 꼴리면 종가 호로말좆섹스양봉 출현
dc_title,한국주식갤,3097189,,,하닉 갭이란 갭은 다 채웟자나
dc_title,한국주식갤,3097188,,,삼전 얼마에 팔거냐
dc_title,한국주식갤,3097187,,,뭔가 종가십창단 냄새가 나는거 같기도하고
dc_body,한국주식갤,3097335,,,숏커버 숏스퀴즈 외치는 애들  = 도박에 미쳐버린 램혁수
dc_body,한국주식갤,3097334,,,기관이랑 외국인 팔때 보면 다 -일때 팔던데 왜 기관 외국인보고 잘한다는거? 손실보고 던지는거 아님? 숏을 쳐서 잘한다는거?
dc_body,한국주식갤,3097333,,,심지어 고배당주ㅋㅋ 돈많으면 코스피 안하고 저기에 넣을듯
dc_body,한국주식갤,3097332,,,반도체도 보합 가깝게 마무리할 것 같고 다른 코스피 코스닥 종목도 전체적으로 올랐고 모두가 행복한 하루야
dc_body,한국주식갤,3097331,,,머임 ㅅㅂ 내 인버스가
dc_body,한국주식갤,3097330,,,다팔고 슨피하게씨발
dc_body,한국주식갤,3097329,,,3:30분까지 황말올이지요.. - dc official App
dc_body,한국주식갤,3097328,,,ㄷㄷ
dc_body,한국주식갤,3097327,,,ㄹㅇ
dc_body,한국주식갤,3097326,,,이제 갈수밖에 없다
dc_body,한국주식갤,3097325,,,불가능
dc_body,한국주식갤,3097324,,,ㅇㅇㅇㅇㅇㅇㅇ
dc_body,한국주식갤,3097323,,,이정도도 감지덕지 - dc official App
dc_body,한국주식갤,3097322,,,내일도 팔면  청문회 열어야지 - dc official App
dc_body,한국주식갤,3097321,,,걍 오늘은 주식안보는게 건강에 좋지요 - dc official App
dc_body,한국주식갤,3097319,,,갑니다 ㅋㅋㅋㅋㅋ
dc_body,한국주식갤,3097318,,,안팔고 버티면 강제로 매수하게될겁니다 단합해서 스마트개미의 힘을 보여줍시다
dc_body,한국주식갤,3097316,,,저자리에서 사는건 얼마나 큰 용기가 잇어야 살 수 잇는거지에 지금 오늘 최고점 근천대 Rock rock til you drop.
dc_body,한국주식갤,3097315,,,1000디스크 돌파함 힌트쥼
dc_body,한국주식갤,3097314,,,갑자기 쭉쭉 빠지는게 - dc official App
dc_body,한국주식갤,3097313,,,1557 고지전애서 자꾸 떨구노 ㅋㅋㅋㅋ
dc_body,한국주식갤,3097310,,,"한 가지 불안한 건 기관 주도 상승이라는 거.. 외인이랑 쌍끌이면 그게 최고일텐데 7월 31일 제외하면, 어제, 오늘 다 외인은 털고 기관이 야무지게 받으면서 올리고 있음 개인 매수세는 사실상 의미없고 즉 이 코스닥 상승랠리를 이어가냐 멈추느냐는 기관에게 달렸음 내일도 기관이 사면 오르고 내일 던지면 쉬어갈 듯"
dc_body,한국주식갤,3097306,,,"맨 밑에 요약 있음. 1. 기본적인 문제상황 컴퓨터 연산은 파이프라인임. 저장장치에서 데이터를 읽고 그것을 연산하는게 컴퓨팅임. 한군데라도 지연이 발생하면 파이프라인 전체가 지연됨. 따라서 어디가 가장 느린가가 컴퓨터 전체의 속도를 결정하는 병목이 됨. 그리고 그 병목은 항상 저장장치 읽기임. 2. 왜 저장장치는 느릴까 이유는 장치에 이용하는 소자의 읽기 속도가 달라서임. 연산유닛은 sram을 씀. 메모리는 dram을 씀. ssd는 nand을 씀. 소자의 읽기 속도는 비용, 집적도, 용량과 반비례함. 빠를수록 비싸고, 미세화가 어렵고, 대용량으로 만들기 어려움. 오늘 글은 hbf에 대해 이해를 위한것으므로 nand의 특성을 좀 알아야한다. hbf는 ssd처럼 nand를 이용한거니까. 3. ram sram이나 dram은 이름이 비슷한것에서 알수 있듯이 구조가 비슷하다. 기본적으로 둘 다 휘발성임. 전원을 차단하면 곧 데이터가 사라진단것임. 이건 데이터를 저장하는 방식때문임.  이 휘발성이 디램의 속도와 관련있음(sram은 복잡하니까 스킵. 안중요함.) 자세한 메커니즘은 가독성을 위해 생략하고, 핵심만 말하자면, 디램은 캐퍼시터에 전하를 가둬놓는 방식이라 트랜지스터를 열면 전하가 바로 튀어나옴. 이 전하를 측정하는게 디램을 읽는단거고. 즉 튀어나오려는 전기를 가둬뒀다가 문을 열어서 튀어나온걸로 값을 읽는거라 빠르다고 보면 됨. 게다가 디램은 이걸 특정 셀만 선택해서 읽을수 있음. 4. nand 낸드는 절연막으로 둘러쌓인 공간에 전하를 가둬둠. 디램이 트랜지스터에 가해진 전압으로 문을 잠궈두고 있는다면, 낸드는 에너지가 아니라 그냥 부도체 물질로 전하를 가둬두는것임. 그래서 전원이 차단되어도 각 셀의 전하가 그대로 있으므로 데이터가 휘발되지 않는거고, 한번 쓴 데이터는 10년이상 보존되는것임. 그런데 이 절연막은 각 셀의 문턱전압을 높임. 그리고 낸드는 집적도를 위해 각 셀을 읽을수 있는 구조를 제거했음. 각 셀과 비트라인을 연결한것이 컨택트인데, 이것때문에 디램은 각 셀을 개별적으로 읽을수 있음. 문제는 이게 트랜지스터보다 작게만들기 힘든 구조란것임. 셀 면적 대부분을 차지하는건 트랜지스터가 아니라 컨택트임. 그래서 낸드는 컨택트를 없애버리고 셀을 직렬로 연결했음. 비유하자면 호텔 각 방의 문을 다 없애고 방 사이에 문을 뚫어서 직렬로 연결해버린것임. 첫 방과 마지막 방만 밖으로 나가는 문이 있는거지. 이러니 복도에서 각 방을 선택해서 들어가 확인할수가 없음. 그러면 어떻게 읽느냐. 복도에서 방으로 직접 들어갈수는 없지만, 각 방의 문을 개폐하는 회선은 갖춰져 있음. 그리고 방에 들어있는 전하가 많을수록 방 문은 무거워짐. 그래서 예를들어 방이 300개 직렬로 연결돼 있고, 3번방의 전하를 알고싶다면, 3번방을 제외한 나머지 모든 방 문을 리모컨으로 강제로 개방함(강한 전압으로). 그리고 첫 방에서 전류를 흘리는데, 차츰 세기를 높여가며 흘려서 끝방까지 통과하는지를 본다. 세기가 1, 2, 3일때는 끝방에 바람이 안불다가 4일때부터 불기 시작하면 방문이 열렸단거고, 4의 힘으로 방문이 열렸으니 방문의 무게(전하량)가 그정도라는 뜻이지. 즉 낸드는 공간을 많이 차지하는 컨택트(복도로 통하는 각 방 문)를 없애서 집적도를 매우 높였지만, 그 대가로 각 방을 선택적으로 읽을수 없게됐단것임. 그래서 수백개 직렬로 연결된 셀 전체를 한번에 읽어야함. 셀 하나를 읽기 위해 299개 방의 문을 열어야하는거지. 따라서 읽기가 느림. 방으로 비유를 했지만 실제 셀은 방문처럼 뚫린 구조는 아님. 전류가 통과하는 물질인데 수백개 셀이 직렬로 길게 이어져있으니 저항이 커짐. 즉 전류가 미세하게 흐름. 따라서 끝 방에서 전류를 잰다는건, 실바람이 나오는걸 손가락에 침묻혀서 느끼는거랑 비슷함. 노이즈를 구분하고 정말로 전류가 흐르는지 측정하려면 전류를 모아서 적분해야함. 양동이에 물 모으듯이. 그래서 시간이 필요함. 디램은 읽기가 나노초단위인데 낸드는 마이크로초단위임. 3000배정도 차이가 남. 5. 메모리 다시 메모리로 돌아가보자. 메모리의 역할은? cpu의 연산은 빠르고 저장장치에서 데이터를 읽어오는건 느림. 그래서 항상 cpu는 놀고 저장장치에서 데이터를 읽어오는게 파이프라인 전체의 속도를 결정함. 근데 미리 데이터를 꺼내둔다면? 반복해서 사용하는 데이터를 꺼내두고, 혹은 어떤 데이터를 꺼내야할지 미리 예측해서 꺼내놓을수 있다면? 그게 메모리임. 저장장치보다 대역폭(통로 크기)이 크고 레이턴시(지연시간)는 짧은 중간 다리에다가 대량의 데이터를 미리 꺼내놓고 연산유닛으로 넘겨주는 역할을 하는것임. 그리고 이게 ai연산에서 메모리가 중요한 이유임. ai가 작동한다는건, 입력값이 모델의 가중치와 행렬곱 된다는것임. 가중치는 매번 입력마다 전부 불려와야함. 매번 똑같은 가중치를 불러오므로, 꺼내올 데이터를 예상할수 있거나 반복적인 경우에 정확히 부합함. 그래서 ai컴퓨팅에서 메모리가 중요한것임. ssd에서 가중치를 매번 불러올 이유가 없기때문이지. 어차피 매번 똑같은 데이터를 불러오니까. 그래서 대용량 고대역폭 메모리를 만들어서 메모리 위에다 항상 가중치를 띄워두는거고. 그게 바로 hbm임. 6. 토큰원가: 배칭(batching) ai칩은 매우 비싸고 수명이 짧기때문에 ai원가는 고정비(처음 공장짓는 비용=칩값)가 대부분임. 따라서 일단 큰돈들여 공장을 지었으면 24시간 풀가동 시켜야 이윤이 커지는 구조. 그런데 ai연산은 한개의 입력에도 가중치를 전부 읽어와야한다 했지. 그게 메모리를 차지하고. 그래서 입력 한개를 바로 처리하면 이윤이 안생김. 왜냐면 가장 비싼 gpu는 팽팽 놀고있거든. 그래서 입력을 많이 모아서 한 버스에 태워보냄. 어차피 가중치는 똑같으니까. 이러면 gpu 가동률이 높아짐. 비싼 gpu가 놀지않고 일해서 토큰을 뽑아내니 이윤이 커짐. 따라서 ai경제학은 버스가 한번에 태울수 있는 사람 수(배치 크기)가 매우 중요함. 그게 대역폭이 중요한 이유임. 그래서 hbf가 hbm의 보완재로 거론되는것임. hbf는 ssd를 기판이랑 인터포저 수천개로 직접 연결해서 대역폭을 키운것이거든. ssd가 4차선도로, 디램이 300차선 도로라면 hbf는 2000차선 도로임. 7. hbf 기본적으론 낸드를 적층하고 수직통로를 뚫어 3d로 만든것을, hbm처럼 인터포저 수천개로 기판이랑 연결해서 통로를 넓힌것임. 통로가 넓으므로 데이터를 한번에 대량으로 보낼수있음. 배치크기가 커지므로 gpu가동률이 높아지지. 근데 2000차선 도로라도 자동차가 느리다면? 컴퓨팅은 파이프라인이라 했지. 파이프라인에선 반드시 이전 연산이 완료되어야 다음 연산으로 넘어갈수 있는 구간이 있음. 기본적인 저장장치-메모리-연산유닛 관계도 그렇고, 알고리즘 측면에서도 그래. 예를들어 llm은 토큰을 텍스트나 이미지가 입력되면 그걸 토큰으로 변환하고, 연산을 통해 새 토큰(출력토큰)을 생성하는데, 이때 새로 출력된 토큰도 기존 토큰을 다시 전부 참조함. (참고로 이 무식한 행위의 반복계산을 줄이려고 사용하는게 kv캐쉬임) 비유하자면 피아노랑 비슷하달까. 도 눌러보고 그 음을 들어본다음 그에 어울리는 다음 건반을 눌러보고, 아닌거같으면 다른건반 누르고... 아무튼 한 작업이 완료돼야 다음 작업으로 넘어갈수있는 워크로드가 있단것임. 그래서 이런 작업은 대역폭만 크다고 해결되는게 아님. 작업이 피드백돼야하는데 피드백이 매우 느리면 결국 속도가 안나는것임. 여기서 레이턴시가 중요함. 태생적으로 낸드는 읽기가 느려셔 레이턴시가 큼. 지연시간이 길기때문에 kv캐쉬 처리처럼 빠른 연산이 필요한 일은 할수 없음. 즉 현재 hbm은 대용량 데이터 불러오기(주로 가중치)라는 역할과, 그 데이터를 가지고 연산유닛이 작업할 공간(작업대) 역할 두가지를 하는데, hbf는 이중 첫번째것만 대체 가능하지 두번째것은 못한단것임. 8. hbf가 hbm을 얼마나 대체할수 있는가 그것은 아주 복잡한 문제임. 앞서말했듯 hbf는 대역폭에서 크게 우위지만 레이턴시에서 크게 밀려 작업대 역할을 할수 없음. 대역폭은 배치크기를 늘리고 gpu가동률을 높여주지만, 레이턴시가 병목이 되면 결국 gpu가 놀게될수 있음. 비유하자면 버스 하나에 1000명씩 태워보내도, 버스 자체가 매우 느리게 가서 gpu에서 그걸 순식간에 처리하고 다음! 이라고 해도 다음 버스가 도착하는데 시간이 오래 걸려서 결국 gpu가 놀게된단것임. 이때 한가지 해결책은 버스를 미리 보내는것임. 아까 보낸 버스 작업분량을 gpu가 다 처리하기 전에 버스를 미리 계속 보내는거야. 근데 아무 데이터나 막 보낼수는 없잖아. 게다가 gpu의 처리결과에 따라 어떤 데이터를 보내야하는지도 결정되고. 그래서 예측력과 계획력이 중요해짐. (cpu가 점점 중요해지는 이유중 하나) gpu가 어떤 결과를 내놓을지, 어떤 데이터가 필요할지 미리 어느정도 예측할수 있으면 낮은 속도를 어느정도 극복할수 있는거지. 그래서 예측, 계획 알고리즘이 발달하면 hbf가 더 활약할수 있단거지. 그러나 어땠든 작업대 역할은 절대 대체를 못하고, kv캐쉬는 매우 중요해지고 점점더 중요해지므로 hbm을 완전대체할수는 없음. 게다가 hbf는 열에 더 취약함. 이유는 스킵. 또한 둘은 칩 내부 배치에서 트레이드오프관계임. gpu가장자리가 유한하기때문에 결국 gpu에 이어질수 있는 외부 유닛도 유한하니까. 칩에 hbf를 더 박을수록 hbm을 덜 박게됨. 대역폭을 늘리고 레이턴시와 작업공간을 줄인단건데 이 트레이드오프가 어느지점에서 균형을 이루는가는 알고리즘, 엔지니어링의 물리 이슈(열, 전기), hbf수명 문제(생각보다 짧을수있음), 가격 등에 의해 결정될것임. 즉 매우 복잡한 다변수함수라 실제로 사용해서 데이터가 쌓여봐야 안다는거. 9. 해자 hbm보다 만들기 쉽다. 디램,낸드보다는 어렵다. 일단 euv가 필요없다. 미세화가 불필요하고 불가능하기때문. hbm의 첫번째 해자는 미세화된 디램에서 나오고 중국은 euv가 없어서 여기서 일단 막히는데 낸드는 그게 아니라서 따라올수 있음. 본딩, 적층 해자는 오히려 디램보다 낸드가 이걸 먼저 해왔기때문에 얕음. 디램을 만든다고 hbm적층을 쉽게 해내는건 아니지만, 낸드를 만드는 회사라면 hbf적층은 상대적으로 쉽게 할수 있음. 불량률 관리도 마찬가지임. 구조 자체가 태생적으로 불량셀을 전제한것임. 디램은 완벽해야하고 불량셀이 있으면 불량품이 되지만 hbf는 안그래. hbm만큼의 제조 해자는 없다고 볼수있다. 그러면 해자가 어디에 있는가? 설계에 있음. 원래 에러가 잘 나는 물건을 ssd의 100배 대역폭에서 처리해야 하므로 에러보정 연산을 훨씬 많이 해야함. 그리고 속도가 느린만큼 위에서 이야기한 예측, 계획(프리페치 스케쥴링) 능력이 중요한데 이건 제조사가 아니라 설계쪽에서 맡는것임. 즉 hbf은 제조해자보다는 그 안에 든 소프트에 해자가 있다고 할수있는것임. 물론 hbm도 칩메이커랑 공동설계하긴 하지만, 그냥 물리적으로 만드는게 어렵고 수율이 안나와서 해자가 깊은데 hbf은 그게 아니란거지. 따라서 중국이 매우 빠르게 추격 가능한 영역임. 만약 중국이 빠르게 노하우를 축적하고 따라붙는다면 중국식 물량공세에 의해 가격이 떨어져 마진율이 안나올수도 있을것임. 그러나 반드시 그렇다고만은 할수없고, 결국 안보, 파트너십, 그리고 어쩌면 열 관련 노하우가 해자가 될지도 모름. 결론은 또 가봐야안다는것. 그러나 기본적으론 hbm만큼 든든국밥은 아니란것. 10. 전략 근데 어쩃든 칩 하나에 hbf를 더 박으면 hbm을 덜 박게된다. 그러면 hbm을 만드는 회사에서 hbf를 개발하는건 자충수 아닌가? 맞다. 근데 안할수 없음. 이미 남들이 시작해서. 사실 샌디스크가 선두임. 그리고 샌디는 낸드만 하지 디램을 안함. hbf는 hdm을 잠식할수 있는데 샌디는 디램•hbm을 안하니 아무 걱정 없이 hbf를 만들수 있지. 샌디입장에선 낸드보다 마진율이 더 좋다는 장점밖에 없으니까. 이미 남들이 시작했다면 거기 올라탈수밖에 없음. 아무도 hbf를 안하면 좋겠지만 그게 아닐테니. 그리고 사실 하닉은 낸드로 그다지 재미 못보기도 했고. 그래서 이익이 별로 안남는 낸드사업을 ai용 hbf로 진화시켜서 이윤을 높이려는 동기가 있었을것임. 게다가 hbf도 어느정도 디램-hbm관계처럼 웨이퍼, 팹 잠식효과가 있음. hbm의 3대1 수준으로 극적인건 아니지만. 그래서 hbf를 만들수록 낸드 가격이 높아질지도 모름. 단, ssd나 usb같은거 말고 첨단낸드에 한해서. hbf 채택률(전체 첨단낸드 대비 hbf생산량)이 중요할것임. 쥐꼬리만큼 만들면 기존 낸드 물량을 줄이는 효과가 미약하니까. 한편 반드시 hbf가 hbm시장을 잠식한다는 보장도 없음. hbf가 대역폭, 용량을 키워서 토큰원가가 싸지고 그게 ai서비스 비용을 낮춰서 더 많은 기업들이 사용하게된다면 매출이 증가해서 파이 자체가 커질수도 있음. 고정된 파이를 hbm과 hbf가 나눠먹는게 아니라 hbf가 비용절감효과로 수요증가를 유발해 파이 자체를 키울수도 있다는거지. 한편 마진은 누가 많이 챙겨갈것인가? 만약 열 관리가 별 문제가 아니고 제조해자가 낮다면 소프트층이 중요해지는데, 이게 각 층마다 서로 접근 못하는 영역이라(예를들어 인터페이스는 시놉시스, 케이던스같은 회사에서 사올 가능성이 높음) 마진 잠식은 아마 로직다이에서 발생하지 않을까 함. 칩의 컨트롤러 역할을 하는게 로직다이니까. 그러므로 삼전은 낸드 세계1위, ssd자체설계, 로직다이까지 만드느 파운드리가 있으므로 hbf의 마진이 tsmc로 안빠져 나갈것임. 반면 하이닉스는 tsmc에 마진 상당부분을 뜯길 가능성이 있고. 그러므로 중국이 hbf를 따라온다 해도, 첨단로직다이가 없어서 전성비가 구린 제품으로 내수용에 그치고 글로벌 최첨단 ai데센용은 못만들지도 모름. 아무튼 삼전은 파운드리 안버린게 결국 신의한수였을 가능성이 높아보이네. 10. 요약 (1) hbf는 hbm을 대체하는 다음단계 기술이 아님. 역할이 다름. (2) 칩 내 배치 측면에선 트레이드오프관계. (3) hbf는 제조 해자가 hbm보다 낮음. 디램보단 높음. 중국이 추격하기 쉬울수 있음. (4) 제조해자보다 설계해자나 인증,생태계 해자가 더 강력할 가능성이 높음. (5) hbf가 ai칩에서 잘 작동할지, 얼마나 경제적일지는 지금으로선 알수 없음. 실제 사용으로 데이터가 쌓여봐야 알음. (6) hbf의 성공은 엔지니어링의 물리적 이슈, 대세 알고리즘, hbm가격과 hbf가격 비율 등 다양한 변수가 얽힌 복잡한 문제임. (7) 열 관리와 수율 노하우로 제조에서 해자를 못만든다면 소프트나 로직다이가 해자가 되고 마진을 포집할 가능성이 높음. 이 시나리오대로 되면 의외로 중국이 글로벌 점유율을 못가져가고 삼전이 유리할수도?"
dc_body,한국주식갤,3097305,,,쫄려서 못하겠농...
dc_body,한국주식갤,3097304,,,보합 마감하며
dc_body,한국주식갤,3097303,,,그리고 내일 130만 시작 ㅋㅋㅋㅋㅋㅋㅋㅋㅋ
dc_body,한국주식갤,3097302,,,난 매일매일이 오늘 같았으면 좋겠음
dc_body,한국주식갤,3097301,,,뭐있나본데
dc_body,한국주식갤,3097300,,,가즈아 - dc official App
dc_body,한국주식갤,3097299,,,어이가없네
dc_body,한국주식갤,3097298,,,뭔가 바람이 바뀐거 같다
dc_body,한국주식갤,3097297,,,이게 주식이지
dc_body,한국주식갤,3097295,,,ㅋㅇㅋ
dc_body,한국주식갤,3097294,,,이게 말이 되는 수치인가 진짜
dc_body,한국주식갤,3097293,,,응 데이트레이딩 ㅇㅈㄹ
dc_body,한국주식갤,3097291,,,^^ㅣ발
dc_body,한국주식갤,3097290,,,토스로 처음 해봤는데 이것저것 시스템 배우면서 하느라 단타 기회 2번 놓침 3번 매수 매도 해서 42000원 넘게 벌었는데 거의 움직임이 코인 수준이라 만족스러움 ㅋㅋ
dc_body,한국주식갤,3097289,,,우직한 의리 개미는 맞지 - dc official App
dc_body,한국주식갤,3097284,,,와 진짜 요새 낚시가 심하네 시장이 낚시를 해 ㅋㅋㅋ
dc_body,한국주식갤,3097281,,,개미가 하도 던져서 지들이 사도 잘 안오르는 분위기 아님? 물량 확보 할때 까지는 계속 절망감 주면서 조용히 물량만 모을거 같은데
dc_body,한국주식갤,3097280,,,이거제ㅋㅋㅋㅋ
dc_body,한국주식갤,3097279,,,5분봉기준 상승저항 너무 심함 한번더 박을듯 - dc official App
dc_body,한국주식갤,3097278,,,레버가 없으니깐...
dc_body,한국주식갤,3097277,,,https://www.youtube.com/watch?v=Zi0Disjv-DY
