source,stock,date,text
naver_main_news,금융메인,,"[단독] 삼전 주가부진에 뿔난 개미들, 임시주총 소집 채비…“성과급 재심의하고 45조5천억 자사주 매입하라”"
naver_main_news,금융메인,,"코스피 상승 반납, 1%대 하락…코스닥은 5%대 강세"
naver_main_news,금융메인,,美·日 엔화 방어 나섰다…28년 만의 공동 개입 확대
naver_main_news,금융메인,,"코스피, 삼성·SK 급락에도 “9000 간다” 전망"
naver_main_news,금융메인,,"""내 계좌에 무슨 일이""...이달말 '판도라 상자' 열린다"
naver_main_news,금융메인,,단일종목 레버리지 '빗장'…코스피 vs 코스닥 수혜 시장은
naver_main_news,금융메인,,“한국산이라면 믿고 산다” 미국서도 난리나더니…코스피 떨어질 때 홀로 웃었다
naver_main_news,금융메인,,AI 거품론에 요동치는 글로벌 시총…삼성전자 10위→13위로 ‘뚝’
naver_main_news,금융메인,,"코스닥, 온기 되찾나…코스피 제치고 사흘 연속 '매수 사이드카'"
naver_main_news,금융메인,,"상위 1% 초고수, 두산에너빌리티 사고 삼성전자 팔았다[주식 초고수는 지금]"
naver_main_news,금융메인,,흑자 내는 기업은 코스닥 상폐 예외 [H-EXCLUSIVE]
naver_main_news,금융메인,,블룸버그 “한국도 투자 부적합 국가 돼가”…레버리지 상품·정책 실패 직격
naver_main_news,금융메인,,"팔란티어 뜨고, 코스피 간다...반도체 넘어 소프트웨어까지[MUST KNOW5]"
naver_main_news,금융메인,,코스닥 상폐 위기 기업 ‘속출’…“정상 기업 퇴출 막아야”
naver_main_news,금융메인,,시들해진 국장…빚투 한달새 8.4조 급감
naver_main_news,금융메인,,"“이번 달엔 만회 가능할까요”…‘엔비디아 성적표’ 앞둔 8월, 투자전략은"
naver_main_news,금융메인,,영업이익률 52%에도 주가는 원점…한미반도체 '몸값 논쟁' 재점화
naver_main_news,금융메인,,"""내년부터 코인 세금 낸다""…정부는 강행, 투자자는 '형평성' 반발"
naver_main_news,금융메인,,한달 간 20% 내린 코스닥…'마이너스' 성적표 받아든 ETF
naver_main_news,금융메인,,"'공시하라' vs '공시 못해'…가비아 공개매수, 법리전으로 번졌다 [fn마켓워치]"
naver_main_desc,금융메인,,"액트, 임시주총 소집 위한 지분 결집 채비 주주 반발 부른 ‘성과급 제도’ 변경 안건에 “45조5000억원 자사주 매입하라” 요구도 담.. 매일경제 | 2026-08-04 14:02:10"
naver_main_desc,금융메인,,"코스피가 장 초반 상승세를 반납하며 약세로 돌아선 반면, 코스닥은 올해 17번째 매수 사이드카가 발동한 이후 5% 넘게 오르며 강세를 .. 이데일리 | 2026-08-04 13:59:09"
naver_main_desc,금융메인,,▲ AI 프리즘* 맞춤형 경제 브리핑 * 편집자 주: ‘AI PRISM’(Personalized Report & Insight Summ.. 서울경제 | 2026-08-04 13:40:13
naver_main_desc,금융메인,,▲ AI 프리즘* 맞춤형 경제 브리핑 * 편집자 주: ‘AI PRISM’(Personalized Report & Insight Summ.. 서울경제 | 2026-08-04 13:40:09
naver_main_desc,금융메인,,올해 상반기 퇴직연금 투자자들의 선택은 단연 반도체였다. 미래에셋증권에 따르면 올해 상반기 확정기여(DC)형·개인형퇴직연금(IRP) 계.. 한국경제TV | 2026-08-04 13:39:58
naver_main_desc,금융메인,,예탁금 3000만원 시행 이틀째 거래대금 1조2477억원 '뚝' 대형주 쏠림 완화 여부 관심…코스피 순환매 확대 의견도 금융당국이 삼성.. 더팩트 | 2026-08-04 13:18:11
naver_main_desc,금융메인,,반도체주 약세 속에 화장품 업종 순환매가 나타나고 있다. 특히 대표적인 K뷰티 기업 에이피알(APR)의 투자심리가 회복되며 상승세가 이.. 서울경제 | 2026-08-04 12:14:08
naver_main_desc,금융메인,,"엔비디아도 1년 1개월만에 1위 반납 스페이스X 상장 이후 시총 8~9위 인공지능(AI) 순환금융 우려가 불거진 7월, 글로벌 시가총액.. 조선비즈 | 2026-08-04 12:06:16"
naver_main_desc,금융메인,,코스닥 시장이 사흘 연속 장중 급등세를 이어가며 지수 800선 회복 기대감을 키우고 있다. 지난달 말 대반등 이후 추가 상승이 제한된 .. 머니투데이 | 2026-08-04 11:53:40
naver_main_desc,금융메인,,"미래에셋증권에서 거래하는 고수익 투자자들이 4일 오전 가장 많이 순매수한 종목은 두산에너빌리티, HD건설기계, 테스 순으로 집계됐다. .. 서울경제 | 2026-08-04 11:53:08"
naver_main_desc,금융메인,,시가총액 200억원 기준에 미달하더라도 이익을 내는 코스닥 기업은 상장폐지 대상에서 제외된다. 코스닥 시장 전반에 걸친 투자 위축 여파.. 헤럴드경제 | 2026-08-04 11:36:11
naver_main_desc,금융메인,,“AI 호황 믿어도 코스피는 멀리할 수 있어…젊은 투자자 보호했는지 자성해야” 극심한 변동성과 미숙한 정책 대응으로 한국 증시가 글로벌.. 조선일보 | 2026-08-04 11:35:11
naver_main_desc,금융메인,,"엔비디아, 빅테크 호실적에도 박스권…8월 실적이 분수령 엔비디아 주가가 장중 반등했지만 최근 3개월간 1% 남짓 오르는 데 그치며 박스.. 이데일리 | 2026-08-04 11:34:17"
naver_main_desc,금융메인,,코스닥 상장사인 첨단소재 부품업체 웹스는 3일 기준 시가총액이 178억원이다. 시총 200억원 미만이기 때문에 상장폐지 요건에 해당된다.. 헤럴드경제 | 2026-08-04 11:33:10
naver_main_desc,금융메인,,소위 ‘빚투(빚내서 투자)’ 규모가 ‘잔인한 7월’을 8조원 넘게 지나면서 급감하는 등 공격적인 투자 열풍이 진정 국면에 접어들고 있다.. 헤럴드경제 | 2026-08-04 11:19:07
naver_main_desc,금융메인,,"엔비디아 실적·美 고용·물가…빅이벤트 줄줄이 AI 투자, 이제는 현금흐름·수익성 검증 국면 “실질금리까지 봐야”…AI주 향방 가를 한 .. 매일경제 | 2026-08-04 11:18:10"
naver_main_desc,금융메인,,창사 최대 매출에도 실적 발표 전보다 주가 낮아 목표주가 10만~50만원…'매출 2조' 현실성도 도마 한미반도체가 2분기 창사 이래 최.. 더팩트 | 2026-08-04 11:17:07
naver_main_desc,금융메인,,정부가 유예했던 가상자산 과세를 내년부터 시행할 방침을 재확인하면서 투자자들의 관심이 커지고 있다. 정부는 예정대로 제도를 시행한 뒤 .. 뉴시스 | 2026-08-04 11:15:05
naver_main_desc,금융메인,,"코스닥 지수가 한 달 사이에 20% 이상 하락하며 700선 초반까지 밀려나자, 코스닥 종목들과 연계된 상장지수펀드(ETF)의 수익률이 .. 뉴시스 | 2026-08-04 11:14:18"
naver_main_desc,금융메인,,가비아 공개매수를 추진 중인 맥쿼리자산운용그룹이 얼라인파트너스의 금융감독원 진정에 대해 정면 반박하고 나섰다. 법적으로 기재해야 할 중.. 파이낸셜뉴스 | 2026-08-04 11:12:16
naver_main_news,금융메인,,[단독] 흑자내는 코스닥 기업은 시총 200억 미달해도 상폐에서 제외
naver_main_news,금융메인,,가비아 공개매수 두고 공방…얼라인-맥쿼리 주장 쟁점은[마켓인]
naver_main_news,금융메인,,"코스닥, 5% 급등해 매수 사이드카 발동…알테오젠 8.3%↑"
naver_main_news,금융메인,,"LG이노텍, 美 중국 로봇 견제 반사이익…""S-Oil, 윤활유 마진 3배, 주가도 뛰어야죠"" [株토피아]"
naver_main_news,금융메인,,"레버리지 ETF 거래량 폭락에…증권가 ""정상화"" 업계 ""착시"" 의견 분분"
naver_main_news,금융메인,,"레버리지 ETF 불똥, 일반 ETF까지 번졌다…거래 급감·신규 상장도 '제동'"
naver_main_news,금융메인,,블룸버그 “한국 투자 부적격 국가 되나”...코스피 변동성 맹비난
naver_main_news,금융메인,,무더기 반대매매에 '빚투개미' 백기…신용융자 10조 줄었다
naver_main_news,금융메인,,"한은, 13년 만에 금 매입 재개…마음 바꾼 결정적인 이유는[Why&Next]"
naver_main_news,금융메인,,"외신 “한국, 中처럼 ‘투자부적합 국가’ 되고있다…정부 믿은 개미만 박살”"
naver_main_news,금융메인,,"힘 빠진 코스피, 2% 상승분 반납…6300선 밑으로"
naver_main_news,금융메인,,"""원금만 나오면 탈출""…개미 이탈에 코스피 거래대금 '뚝'"
naver_main_news,금융메인,,세금 물고 떠난 서학개미…RIA 인기 '시들'
naver_main_news,금융메인,,흔들리는 MSTR...비트코인 1638개 또 매각 [매일코인]
naver_main_news,금융메인,,SK하이닉스·샌디스크 함께 담은 채권혼합형 ETF 나왔다
naver_main_news,금융메인,,[속보]다시역주행 코스피 2.8%급락…삼전닉스 -5%
naver_main_news,금융메인,,"거래소, 주식선물·옵션 18종목 9월 추가상장…10종목은 거래종료"
naver_main_news,금융메인,,미 증시 훈풍에도 갈피 못잡는 코스피…삼전·닉스 3%대 동반 약세 [투자360]
naver_main_news,금융메인,,코스피 1%대 약세 전환...삼전·닉스 3%대 하락 [코주부]
naver_main_news,금융메인,,KODEX '미국CPU반도체TOP10' 상장…ARM·AMD·인텔에 25%씩 투자
naver_main_desc,금융메인,,시가총액 200억원 기준에 미달하더라도 이익을 내는 코스닥 기업은 상장폐지 대상에서 제외된다. 코스닥 시장 전반에 걸친 투자 위축 여파.. 헤럴드경제 | 2026-08-04 11:11:07
naver_main_desc,금융메인,,정보기술(IT) 인프라 기업 가비아(079940)의 경영권 인수를 추진 중인 맥쿼리자산운용과 기존 가비아 3대 주주인 행동주의 펀드 얼.. 이데일리 | 2026-08-04 11:11:07
naver_main_desc,금융메인,,코스닥지수가 4일 기관의 강한 매수세에 힘입어 5% 넘게 급등했다. 지수 변동성이 커지면서 장중 프로그램 매수호가의 효력을 일시 정지하.. 디지털데일리 | 2026-08-04 11:06:11
naver_main_desc,금융메인,,"8월 4일 오전, 주요 증권사 리포트를 정리해드립니다. LG이노텍은 미국이 중국산 로봇 수입 규제에 나서면서 북미 로봇 공급망 재편의 .. 파이낸셜뉴스 | 2026-08-04 11:01:09"
naver_main_desc,금융메인,,"예탁금 규제 후 총 거래대금 10분의 1 토막 줄어 당국, 추가 규제 '만지작'…이억원 위원장 ""무거운 책임 통감"" 국내 증시 변동성 .. 더팩트 | 2026-08-04 11:01:07"
naver_main_desc,금융메인,,ETF 순자산 한 달 새 135조 증발…400조원 밑으로 추락 거래소 심사 적체에 신규 ETF 출시 줄줄이 연기 단일종목 레버리지 상장.. 더팩트 | 2026-08-04 11:00:09
naver_main_desc,금융메인,,한국 증시가 역대급 변동성을 나타낸 보인 가운데 블룸버그가 “한국이 투자 부적합 국가가 되고 있다”고 직격했다. 글로벌 인공지능(AI).. 디지털타임스 | 2026-08-04 10:57:50
naver_main_desc,금융메인,,코스피가 한 달 만에 고점 대비 40% 급락하면서 '빚투(빚내서 투자)'에 나섰던 개인투자자들이 대거 시장을 떠나고 있다. 반대매매가 .. 뉴시스 | 2026-08-04 10:50:34
naver_main_desc,금융메인,,한국은행이 13년 만에 금을 다시 사들인다. 국내시장에서 원화로 실물 금을 살 길을 터 이를 활용한다. 금 상장지수펀드(ETF)는 올해.. 아시아경제 | 2026-08-04 10:50:00
naver_main_desc,금융메인,,"블룸버그, 증시변동성·개미 피해 지적 “27일만에 40% 폭락…中 수준 추락 극심한 변동성에 외국인들 韓 외면해” 미국 경제 전문 매체.. 매일경제 | 2026-08-04 10:49:12"
naver_main_desc,금융메인,,개장 30분 만에 하락 전환 코스닥은 5% 상승 4일 상승 출발한 코스피가 개장 30분도 지나지 않아 하락 전환하며 6300선 아래로 .. 조선비즈 | 2026-08-04 10:49:09
naver_main_desc,금융메인,,국내 증시의 극심한 변동성 속에 개인 투자자들의 투자심리가 급격히 냉각되면서 개미들이 빠르게 코스피 시장을 떠나고 있다. 지수가 폭락 .. 뉴시스 | 2026-08-04 10:35:21
naver_main_desc,금융메인,,정부가 해외 주식 투자자금을 국내 증시로 유도하기 위해 도입한 '국내시장복귀계좌(RIA)'가 출시 이후 처음으로 월간 잔고가 감소했다... 한국경제TV | 2026-08-04 10:25:16
naver_main_desc,금융메인,,세계 최대 비트코인 보유기업 스트래티지가 또 다시 비트코인을 대량 매각했다. 배당금을 지급하기 위함이다. 스트래티지는 지난 6월 이후 .. 매일경제 | 2026-08-04 10:24:08
naver_main_desc,금융메인,,한화자산운용이 SK하이닉스와 미국 메모리반도체 기업 샌디스크에 절반을 투자하고 나머지를 국고채로 채우는 채권혼합형 상장지수펀드(ETF).. 비즈워치 | 2026-08-04 10:20:08
naver_main_desc,금융메인,,4일 오전 상승 출발한 코스피 지수가 장중 2.8% 넘게 급락했다. 삼성전자와 SK하이닉스가 5% 수준 하락하면서 하락을 주도하고 있다.. 문화일보 | 2026-08-04 10:10:14
naver_main_desc,금융메인,,한국거래소는 주식선물 18종목과 주식옵션 2종목을 다음 달 14일 추가로 상장한다고 4일 밝혔다. 이와 함께 기존 주식선물 10종목은 .. 한국경제TV | 2026-08-04 10:07:13
naver_main_desc,금융메인,,코스피가 4일 간밤 미국 증시 강세에 힘입어 상승 출발했지만 반도체 대형주의 약세에 상승 폭을 반납하며 혼조세를 나타내고 있다. 외국인.. 헤럴드경제 | 2026-08-04 10:07:06
naver_main_desc,금융메인,,1% 넘게 상승 출발했던 코스피가 개장 30여 분 만에 하락 전환했다. 장 초반 미국 증시 훈풍에 힘입어 6300선을 회복했지만 삼성전.. 서울경제 | 2026-08-04 10:06:09
naver_main_desc,금융메인,,글로벌 AI산업의 흐름이 챗봇에서 스스로 작업을 수행하는 AI 에이전트로 옮겨가면서 연산의 핵심 부품인 CPU(중앙처리장치)에 대한 관.. 한국경제TV | 2026-08-04 10:04:54
naver_main_news,금융메인,,'깜짝 실적' 퍼스트솔라 급등에…한국 신재생株도 '들썩'
naver_main_news,금융메인,,'420만→280만원' 줄줄이 내리더니…개미들 비명 쏟아졌는데 '깜짝 결과'
naver_main_news,금융메인,,"RISE 200고배당커버드콜, 하락장 뚫은 '쾌속질주'[월간 ETF]"
naver_main_news,금융메인,,뉴욕증시 훈풍에 코스피 1%대 상승 출발…반도체주 오름세
naver_main_news,금융메인,,"“8월 통과 물 건너가나”…美 클래리티법, 상원 본회의 안건서 빠져"
naver_main_news,금융메인,,"외국인 투자자 매수세에…전날 급락 코스피, 오늘은 6300선 상승 출발"
naver_main_news,금융메인,,코스피 6300선 회복...미국 훈풍에 개미·외인 함께 담는다
naver_main_news,금융메인,,"""파인엠텍, 삼성·북미 폴더블 동시 수혜…'폴더블 뉴노멀' 최대 수혜주""[클릭 e종목]"
naver_main_news,금융메인,,주가 95% 폭락에 눈덩이 손실에도…트럼프家 “비트코인 채굴 사상 최대”
naver_main_news,금융메인,,"코스피, 1.5% 상승 출발…삼전·하닉 반등에 6350선 회복"
naver_main_news,금융메인,,"한화운용, SK하이닉스·샌디스크 담은 채권혼합 ETF 출시"
naver_main_news,금융메인,,"반도체주 조정, AI 투자 부담 탓...D램 병목은 여전 -유진證"
naver_main_news,금융메인,,"iM證 “삼성E&A, 반도체 투자 사이클에 8조원 이상 첨단산업 수주 기대”"
naver_main_news,금융메인,,中 CXMT 증설에 흔들리는 반도체주…메모리 시장 새 변수로
naver_main_news,금융메인,,두달 만에 주가 60% 하락했는데…증권가 목표가 '줄상향' [종목+]
naver_main_news,금융메인,,“美 훈풍에 전날 하락분 만회 시도”…프리장서 삼전·닉스 2%대 반등 [이런국장 저런주식]
naver_main_news,금융메인,,주가누르기 기업 ‘6년간 PBR 하위 25%’ 기준에…“상속세율 개편부터”
naver_main_news,금융메인,,"프리마켓 반도체주 반등…삼성전기 8%, 삼전·SK하닉 2%대 강세"
naver_main_news,금융메인,,7월 내내 빠지더니 '대반전'…개미들 비명 속 웃은 '이 주식' [종목+]
naver_main_news,금융메인,,"""SK아이이테크놀로지, 2Q 635억원 적자…3Q도 영업손 전망""-SK"
naver_main_desc,금융메인,,신재생에너지 관련 종목들이 급등하고 있다. 간밤 뉴욕증시에서 태양광 업체 퍼스트솔라가 10% 이상 치솟은 훈풍이 전해지며 투자심리가 개.. 한국경제 | 2026-08-04 09:57:11
naver_main_desc,금융메인,,국내 상장사들이 올해 2분기 견조한 실력을 냈지만 7월 증권가 눈높이는 오히려 낮아진 것으로 나타났다. 지난해 4월 이후 15개월 만에.. 한국경제TV | 2026-08-04 09:49:25
naver_main_desc,금융메인,,KB자산운용의 라이즈(RISE) 200고배당커버드콜등가격(ATM) 상장지수펀드(ETF)가 한 달 동안에만 20%에 가까운 수익률을 올린.. 블로터 | 2026-08-04 09:41:14
naver_main_desc,금융메인,,미국 빅테크 기업들의 호실적과 뉴욕증시 강세에 힘입어 국내 증시가 동반 상승 출발했다. 미국 기업들의 인공지능(AI) 투자 확대 기대가.. 이데일리 | 2026-08-04 09:40:14
naver_main_desc,금융메인,,8월 상원 본회의 안건서 제외돼 11월 중간선거 겹쳐 동력 상실 위기 60표의 벽 앞에 선 클래리티법 공화 53석뿐…민주 7표 확보 관.. 매일경제 | 2026-08-04 09:37:13
naver_main_desc,금융메인,,"외국인과 개인은 순매수세 코스닥, 전일 이어 3%대 상승 지난주 금요일 급등 뒤 전일 5%대 하락 마감한 코스피가 4일은 외국인 매수세.. 매일경제 | 2026-08-04 09:36:14"
naver_main_desc,금융메인,,코스피가 4일 상승 출발하며 6300선을 회복했다. 간밤 미국발 증시훈풍에 유입된 외국인이 개인과 함께 매수세를 주도하고 있다. 이날 .. 머니투데이 | 2026-08-04 09:26:24
naver_main_desc,금융메인,,메리츠증권은 4일 파인엠텍이 삼성전자와 북미 스마트폰 업체의 폴더블 스마트폰 확대 수혜를 동시에 누릴 수 있는 유일한 국내 부품업체라며.. 아시아경제 | 2026-08-04 09:26:07
naver_main_desc,금융메인,,2분기 5700만달러 순손실 기록 비트코인 보유량은 8천개로 늘어 AI 대신 오직 ‘비트코인 채굴’ 집중 도널드 트럼프 미국 대통령의 .. 매일경제 | 2026-08-04 09:17:13
naver_main_desc,금융메인,,코스피가 미국 기술주 강세와 국제유가·국채금리 하락에 힘입어 1% 넘게 상승 출발했다. 외국인과 개인이 동반 순매수에 나선 가운데 삼성.. 디지털타임스 | 2026-08-04 09:15:18
naver_main_desc,금융메인,,한화자산운용이 성장성이 높은 메모리 반도체 기업과 국고채를 담아 불확실성을 낮추고 안정적인 수익을 동시에 추구하는 상장지수펀드(ETF).. 서울경제 | 2026-08-04 09:09:11
naver_main_desc,금융메인,,"최근 메모리 반도체 업종 조정은 실적 악화보다 인공지능(AI) 인프라 투자에 대한 자금조달 부담과 금리 상승, 중국 메모리 업체 CXM.. 파이낸셜뉴스 | 2026-08-04 09:03:14"
naver_main_desc,금융메인,,iM증권은 4일 삼성E&A에 대해 2030년까지 8조원 이상의 첨단산업 수주를 기대할 수 있다고 평가했다. 투자 의견 ‘매수(Buy)’.. 조선비즈 | 2026-08-04 09:02:27
naver_main_desc,금융메인,,"창신메모리테크놀로지, 증시 상장 자금으로 공장 증설 추진 인공지능(AI) 열풍으로 호황을 이어온 글로벌 메모리 반도체 시장에 중국발 경.. 조선일보 | 2026-08-04 08:46:15"
naver_main_desc,금융메인,,LG전자 주가가 업황 부진 우려에 두달여 만에 60%넘게 하락했다. 그럼에도 증권사들은 LG전자의 목표주가를 잇달아 올려 잡고 있다. .. 한국경제 | 2026-08-04 08:43:13
naver_main_desc,금융메인,,미국 증시가 기술주 중심의 강세를 보이면서 국내 증시도 반등 기대감을 키우고 있다. 뉴욕증시 상승과 인공지능(AI) 투자 우려 완화에 .. 서울경제 | 2026-08-04 08:28:15
naver_main_desc,금융메인,,"정부가 최근 6년간 주가순자산비율(PBR)이 업종별 최하위권을 기록한 상장사를 '주가 누르기' 기업으로 판단, 상속·증여세를 더 내도록.. 아시아경제 | 2026-08-04 08:19:56"
naver_main_desc,금융메인,,코스피가 전날 급락에 따른 과매도 인식과 미국 반도체주 반등에 힘입어 강세를 시도할 전망이다. 국제유가와 미국 국채금리가 하락한 가운데.. 디지털타임스 | 2026-08-04 08:14:01
naver_main_desc,금융메인,,지난주 폭등했던 코스피지수가 또다시 5% 이상 급락한 가운데 에이피알이 5% 넘게 급등했다. 최근 주가 하락으로 밸류에이션(실적 대비 .. 한국경제 | 2026-08-04 08:12:16
naver_main_desc,금융메인,,"SK증권은 4일 SK아이이테크놀로지에 대해 ""회사는 올해 2분기에도 영업적자를 이어갔다""며 ""중국 사업을 정리하고 생산 거점을 재편하는.. 한국경제 | 2026-08-04 08:11:07"
gnews,주식 FOMO,"Sun, 02 Aug 2026 09:50:00 GMT",[도청도설] 조모와 포모 - 국제신문
gnews,주식 FOMO,"Tue, 28 Jul 2026 04:59:57 GMT","“주식 대박 배 아팠는데, 투자 안한 내가 승자”…포모 가고 ‘조모’ 왔다 - 중앙일보"
gnews,주식 FOMO,"Sat, 01 Aug 2026 04:01:00 GMT","""장 끝나도 계좌창 열었다 닫았다""…이거 병인가요?[주식 우울증②] - 뉴시스"
gnews,주식 FOMO,"Sun, 02 Aug 2026 08:52:09 GMT",포모 개미들 '사팔'했다가 울상… 부자들은 '익절' 원칙 지켰다 - 매일경제 마켓
gnews,주식 FOMO,"Sun, 19 Jul 2026 07:00:00 GMT","나도 주식우울증?...""주식 포모 고통은 전치 4주 급"" - YTN"
gnews,주식 FOMO,"Fri, 31 Jul 2026 00:26:03 GMT","뉴턴도 못 읽었던 증시, 400년 전에도 ‘FOMO’… 돌고 도는 탐욕과 공포[서영채의 인문 디톡스] - 문화일보"
gnews,주식 FOMO,"Tue, 28 Jul 2026 23:45:03 GMT","""주식 안 산 사람이 웃는다?""…'포모' 끝나고 '조모' 왔다 - v.daum.net"
gnews,주식 FOMO,"Sat, 07 Feb 2026 08:00:00 GMT",“친구는 주식으로 집 샀다는데”… ‘포모 증후군’에 빠진 대한민국 - 동아일보
gnews,주식 FOMO,"Sat, 25 Jul 2026 03:00:00 GMT","[주식 톺아보기] ""안 사서 다행""…반도체 급락에 증시 키워드 '포모→조모' - woorinews.co.kr"
gnews,주식 FOMO,"Wed, 08 Jul 2026 07:00:00 GMT",[증시 이대로 좋은가④]'FOMO' 극대화…도박처럼 주식하는 개미들 - 미디어펜
gnews,주식 FOMO,"Tue, 21 Jul 2026 12:30:00 GMT",포모 참고 주식 안 한 나를 칭찬해…하락장에 조모 뜬다 [포크뉴스] - mbn.co.kr
gnews,주식 FOMO,"Tue, 14 Jul 2026 07:00:00 GMT","3억 날려 본 정신과 의사 “주식 포모는 ‘전치 4주 고통’, 요즘 환자 늘어” - 매일경제"
gnews,주식 FOMO,"Tue, 21 Jul 2026 07:00:00 GMT",'포모' 가고 '조모' 온다…결국 주식 안 산 사람이 승자? - v.daum.net
gnews,주식 FOMO,"Tue, 14 Jul 2026 07:00:00 GMT","“주식으로 3억 손실” 정신과 의사 “요즘 손님 많아, ‘포모’는 전치 4주” - 서울신문"
gnews,주식 FOMO,"Tue, 21 Jul 2026 07:00:00 GMT","한 달 사이 28% 급락한 코스피, ‘포모’ 대신 ‘조모’가 뜬다고? (feat. 증시 전망) 😵‍💫💰 - 뉴닉"
gnews,주식 FOMO,"Mon, 01 Jun 2026 07:00:00 GMT","""주식시장 자주 들여다보는 습관이 포모 높여"" - 조선일보"
gnews,주식 FOMO,"Tue, 21 Jul 2026 07:00:00 GMT","""김대리, 삼전닉스 주식 몰빵했다며?""…코스피 폭락에 '포모'가 '조모'로 - 아시아경제"
gnews,주식 FOMO,"Wed, 27 May 2026 07:00:00 GMT","야데니 ""美 증시 랠리, FOMO 때와 달라…FEMO가 주도"" - 연합인포맥스"
gnews,주식 FOMO,"Tue, 12 May 2026 07:00:00 GMT",정부 ‘주식 장기 보유’ 장려하지만···FOMO 겪는 개미는 혼란 - 시사저널e
gnews,주식 FOMO,"Wed, 29 Jul 2026 08:56:43 GMT",'포모 빚투'에 '무리한 정책' 겹쳐 23일만에 9114→5663 곤두박질 - 매일경제
gnews,주식 FOMO,"Mon, 11 May 2026 07:00:00 GMT",코스피 8000선 향한 질주에도 ‘포모(FOMO)’ 공포에 마통 뚫어 뛰어드는 개미들 - 조선일보
gnews,주식 FOMO,"Sat, 14 Mar 2026 07:00:00 GMT","주식 '포모족' 영철씨, 주말엔 명상 '조모족' - 중앙일보"
gnews,주식 FOMO,"Thu, 18 Jun 2026 07:00:00 GMT","[미디어 이슈] “주식, 살까 말까”... 증시 급등 속 나뉘는 포모(FOMO)·조모(JOMO) - 미디어워치"
gnews,주식 FOMO,"Tue, 21 Jul 2026 07:00:00 GMT",6000 바닥 전망까지 나와... 코스피 ‘포모’가 ‘조모’됐다 - 조선일보
gnews,주식 FOMO,"Wed, 03 Jun 2026 07:00:00 GMT","""그때 삼전닉스 살걸""…주식 FOMO 왔을 때 대처법 - 뉴시스"
gnews,주식 FOMO,"Wed, 15 Jul 2026 07:00:00 GMT","""환자 많이 늘었다, 포모 '전치 4주'""...3억 날린 정신과 의사, 현실 조언 - 머니투데이 - 머니투데이"
gnews,주식 FOMO,"Tue, 21 Jul 2026 07:00:00 GMT","""나만 하이닉스 없어"" 불안했는데…폭락장에 포모 대신 조모 확산 - 머니투데이 - 머니투데이"
gnews,주식 FOMO,"Sun, 28 Jun 2026 07:00:00 GMT","이렇게 많아? 또 '포모' 느끼겠네…직장인 70% ""현재 주식 투자로 수익"" - 뉴스1"
gnews,주식 FOMO,"Thu, 14 May 2026 07:00:00 GMT",‘포모(FOMO)증후군’에 대한 ‘우려’ - 제주일보
gnews,주식 FOMO,"Wed, 15 Jul 2026 07:00:00 GMT","""남이 '주식 2억 벌었다'는 말=전치 4주 고통"" 정신과 의사 'FOMO 뇌' 진단 - 뉴스1"
gnews,뇌동매매,"Fri, 27 Feb 2026 08:00:00 GMT","SK증권·상상인증권 펀더멘털 무관한 동전주 탈출, 중소형 증권주 뇌동매매 주의보 - 비즈니스포스트"
gnews,뇌동매매,"Wed, 22 Apr 2026 07:00:00 GMT",급등 뒤 급락…제약바이오株 덮친 뇌동매매 ‘경고’ - ER 이코노믹리뷰
gnews,뇌동매매,"Thu, 16 Apr 2026 07:00:00 GMT","韓美 증시에 양자컴퓨터·광통신 테마주 과열...전문가들 ""비이성적 뇌동매매 주의해야"" - 생생비즈플러스"
gnews,뇌동매매,"Fri, 16 Jan 2026 08:00:00 GMT","“롤러코스터 장세”…제약바이오, 뇌동매매 ‘주의보’ - ER 이코노믹리뷰"
gnews,뇌동매매,"Wed, 14 Jun 2023 07:00:00 GMT",(토마토칼럼)FOMO와 뇌동매매 - 뉴스토마토
gnews,뇌동매매,"Mon, 28 Aug 2023 07:00:00 GMT",[박병률의 초보자도 술술 읽는 경제] 뇌동매매 그리고 테마주 - 공감신문
gnews,뇌동매매,"Tue, 02 Dec 2025 08:00:00 GMT","상장 대어 사라진 공모시장에 '스팩'이 뜬다, 증권가는 뇌동매매 경계령 - 비즈니스포스트"
gnews,뇌동매매,"Wed, 08 Jan 2020 08:00:00 GMT","2020년 제약·바이오주, 아무리 핫해도 뇌동매매 ‘금물’ - 더스쿠프"
gnews,뇌동매매,"Fri, 25 Aug 2023 07:00:00 GMT","증권업계 ""테마주 뇌동매매로 투자자 손실 우려"" - 조세일보"
gnews,뇌동매매,"Fri, 05 Mar 2021 08:00:00 GMT","""남들 따라 뇌동매매 말고 차라리 주식투자 쉬어라"" - 한국경제"
gnews,뇌동매매,"Tue, 22 May 2018 07:00:00 GMT",뇌동매매 방지방법 - 광주in
gnews,뇌동매매,"Fri, 07 Dec 2018 08:00:00 GMT",[금융상식] 뇌동매매 - 데이터솜
gnews,뇌동매매,"Sun, 05 Apr 2026 07:00:00 GMT",거래소가 ‘저녁이 없는 삶’ 만든다 [데스크 칼럼] - 에너지경제신문
gnews,뇌동매매,"Tue, 11 Oct 2022 07:00:00 GMT","[인터뷰] 느티소프트 ""느낌으로 하는 뇌동매매는 이제 그만"" - 블록체인투데이"
gnews,뇌동매매,"Fri, 25 Aug 2023 07:00:00 GMT",'테마주' 광풍에 빚투 증가…금투협·거래소 뇌동매매 유의 - SBS Biz
gnews,뇌동매매,"Thu, 02 Jun 2022 02:41:13 GMT",[전설적 투자가에게서 배우는 성공투자법] 순종매매의 합리성 - 톱클래스
gnews,뇌동매매,"Thu, 04 Feb 2021 08:00:00 GMT","'SK 하이닉스 10년 보유' 전원주, 알고보니 '주식 초고수'?…1987년 시작해 '뇌동매매 마라' 설파 - 뉴스웍스"
gnews,뇌동매매,"Fri, 31 Jul 2026 02:00:54 GMT",폭락장에 터진 '빚투 반대매매' 하루 600억 넘어… 2·3차 연쇄 매도 경고 - 서울뉴스통신
gnews,뇌동매매,"Fri, 23 Aug 2019 07:00:00 GMT",[알짜 중소형주 선별법 ❸] 단기매매는 정말 깡통 차는 길인가 - 더스쿠프
gnews,뇌동매매,"Fri, 31 Jul 2026 03:31:38 GMT","[이로운분석]""반도체 디레버리징 해소 기대감""…코스피 17년 만에 최대폭 반등 - 이로운넷"
gnews,뇌동매매,"Fri, 28 Mar 2025 07:00:00 GMT","개인들의 묻지마 투자, 해외 시장까지 흔든다 - 조선비즈 - Chosunbiz"
gnews,뇌동매매,"Thu, 20 May 2021 07:00:00 GMT",해외주식 + 미수 + 몰빵 + 뇌동매매 = ? - 브런치
gnews,뇌동매매,"Sun, 05 Jul 2026 07:00:00 GMT","""롤러코스피는 일시적 진통…AI 강세장 1년 이상 더 간다"" - 한국경제"
gnews,뇌동매매,"Wed, 12 Jan 2022 08:00:00 GMT",2연속 상한가 치던 에디슨EV···전문가들 ‘남 따라 뇌동매매하면 필패’ - 뉴스웨이
gnews,뇌동매매,"Thu, 06 Jun 2024 07:00:00 GMT",[ADHD] 주식중독과 성인 ADHD - 정신의학신문
gnews,뇌동매매,"Fri, 17 Apr 2026 07:00:00 GMT",'PER 2000배' 경고 무시…삼천당제약 쓸어 담은 ETF - 한국경제
gnews,뇌동매매,"Tue, 19 Jun 2018 07:00:00 GMT",“100억 모은 비결요? 주식은 버는 것보다 잃지 않는게 중요” - 한국일보
gnews,뇌동매매,"Sun, 31 Oct 2010 07:00:00 GMT",[신문으로 배우는 실용한자] 뇌동매매 (雷同賣買) - 조선일보
gnews,뇌동매매,"Wed, 17 Mar 2021 07:00:00 GMT",주식AI 이긴 한봉호 타스탁 대표 “장중 뉴스에 흔들리는 뇌동매매 멈추고 스스로 흐름 읽는 훈련 해야” - 이뉴스투데이
gnews,벼락거지,"Mon, 03 Aug 2026 05:00:41 GMT",“레버리지 졸속 도입으로 국민 벼락 거지 위기”…김용범 정책실장 고발 당해 - v.daum.net
gnews,벼락거지,"Thu, 30 Jul 2026 05:26:00 GMT",신동욱 “이틀 사이 국민 벼락거지 됐는데 美에서 튀김 나르나…국정조사 해야” [현장영상] - 채널A
gnews,벼락거지,"Thu, 29 Jan 2026 08:00:00 GMT",‘벼락거지 공포 시대’ 주식도 부동산도 없는 사람들 - 문화일보
gnews,벼락거지,"Mon, 03 Aug 2026 01:20:08 GMT","김용범 정책실장 형사고발…""국민 벼락거지 만든 ETF"" - 매일신문"
gnews,벼락거지,"Sun, 02 Aug 2026 20:01:00 GMT","""하닉 500만원 간다니까, 벼락거지 될까봐""…'낙관편향' 매수본능 리포트, 증권사는 왜 - 네이트"
gnews,벼락거지,"Thu, 30 Jul 2026 02:09:00 GMT","＂이틀 새 국민들 벼락거지＂…국민의힘, 국조·특검 요구 - 한국경제TV"
gnews,벼락거지,"Tue, 09 Jun 2026 07:00:00 GMT",“갑자기 벼락거지 돼 억울” 2030 덮친 공포…서울 흔든 ‘부동산 표심’ - 중앙일보
gnews,벼락거지,"Mon, 03 Aug 2026 01:42:05 GMT","""레버리지ETF로 국민 벼락거지 위기""...김용범, 고발 당해 - edaily.co.kr"
gnews,벼락거지,"Tue, 12 May 2026 07:00:00 GMT","""집 사면 벼락거지, 그 돈으로 주식""…'91억 인증' 의사 도발에 시끌 - 머니투데이 - 머니투데이"
gnews,벼락거지,"Sun, 05 Jul 2026 07:00:00 GMT",[프리즘] 가만히 있으면 벼락거지?…양극화에 허탈한 청년들 - 연합뉴스TV
gnews,벼락거지,"Tue, 21 Apr 2026 07:00:00 GMT",‘벼락거지’ 공포가 부른 빚투…위태로운 2030의 자산 형성 - 이코노미스트
gnews,벼락거지,"Thu, 09 Jul 2026 07:00:00 GMT",“벼락 거지 되면 극우가 된다”…월가 기자가 본 ‘韓 부동산 덫’ - 중앙일보
gnews,벼락거지,"Tue, 21 Jul 2026 07:00:00 GMT",“벼락 거지 되면 극우 된다”…월가 기자가 본 ‘韓 부동산 덫’ - v.daum.net
gnews,벼락거지,"Thu, 09 Jul 2026 07:00:00 GMT",“벼락거지 피하려다 진짜 거지될판”…롤코 증시에 정신과까지 간다 - v.daum.net
gnews,벼락거지,"Mon, 27 Jul 2026 00:08:50 GMT","""월급 절반이 집세로 날아가""…'낭만 찾다 벼락거지 될라' 이 도시의 민낯 - v.daum.net"
gnews,벼락거지,"Thu, 25 Jun 2026 07:00:00 GMT",'벼락거지 이번엔 면해보자'...주식계좌 '급증' 1억개 돌파 - v.daum.net
gnews,벼락거지,"Wed, 20 May 2026 07:00:00 GMT",올 1분기 아파트 거래량 58.6% ↑… 경기 부동산시장 ‘벼락거지 시즌2’ 자조 - 경인일보
gnews,벼락거지,"Wed, 13 May 2026 07:00:00 GMT","""집 산 사람 벼락거지 됐네""…의사 조롱에 '시끌' - 아시아경제"
gnews,벼락거지,"Thu, 22 Jan 2026 08:00:00 GMT","""나만 벼락거지 된 기분""…'오천피 잔치' 절반이 돈 잃었다 - 중앙일보"
gnews,벼락거지,"Mon, 16 Feb 2026 08:00:00 GMT","""빚내서 집사라"" 그뒤…서울 집 10억 벌때, 무주택자 '벼락거지' 됐다 - 중앙일보"
gnews,벼락거지,"Mon, 23 Feb 2026 08:00:00 GMT","증시도 벼락거지 공포...""설마"" 하던 서학개미도 움직였다 - 머니투데이 - 머니투데이"
gnews,벼락거지,"Fri, 16 Jan 2026 08:00:00 GMT","‘벼락거지’ 전락? ""이제라도""...5000피 목전 은행돈 하루 2조원 빠졌다 - JTBC"
gnews,벼락거지,"Thu, 30 Apr 2026 07:00:00 GMT",[데스크 칼럼] AI 벼락거지의 분노 - 한국경제
gnews,벼락거지,"Tue, 30 Dec 2025 08:00:00 GMT","""돈 놀리면 벼락거지""…부동산 막히자 '이것' 쓸어 담았다 - 아시아경제"
gnews,벼락거지,"Sun, 15 Feb 2026 08:00:00 GMT","""폐업하려고요, 더는 버틸 수 없네요""... 벼락거지 될까 두려워 - OhmyNews"
gnews,벼락거지,"Mon, 02 Feb 2026 08:00:00 GMT","""은행에 돈 묶어 놨더니 벼락 거지""...주가 2.3배·집값 2.8배는 '남 얘기' - 머니투데이 - 머니투데이"
gnews,벼락거지,"Sun, 31 May 2026 07:00:00 GMT","""벼락거지 될라""...개미들 우르르 몰렸다 - 한경매거진&북"
gnews,벼락거지,"Sun, 10 May 2026 07:00:00 GMT","""나만 벼락거지 될라""…코스피 7500 랠리에 마통 40조 뚫고 ‘빚투’ - dt.co.kr"
gnews,벼락거지,"Mon, 01 Jun 2026 07:00:00 GMT","""한국인들 벼락거지됐다"" … 원화가치 추락, 후진국에도 밀려 - 뉴데일리"
gnews,벼락거지,"Fri, 16 Jan 2026 08:00:00 GMT","""주식 안 하면 벼락거지""…5000피 코앞, 은행서 보름새 29조 빠졌다 - 머니투데이 - 머니투데이"
gnews,빚투,"Mon, 03 Aug 2026 23:47:00 GMT",7월 반대매매 1조원 육박...‘빚투’ 6개월만에 30조원 아래로 - 조선일보
gnews,빚투,"Mon, 03 Aug 2026 07:57:00 GMT",’빚투’ 대폭 감소…급락장서 사흘간 강제청산 3천억 육박 - 연합뉴스TV
gnews,빚투,"Tue, 04 Aug 2026 04:12:19 GMT",‘빚투’에 기업 자금수요까지…단기사채 발행 사상 최대 - BBS불교방송
gnews,빚투,"Mon, 03 Aug 2026 22:49:16 GMT",빚투 늘더니 '깜짝'…상반기 단기사채 990조 발행 역대최대 - 한국경제
gnews,빚투,"Tue, 04 Aug 2026 00:16:51 GMT",“빚투 자금 대느라 증권사도 급전 조달”…단기사채·CP 발행 역대 최대 - 매일경제 마켓
gnews,빚투,"Mon, 03 Aug 2026 12:22:12 GMT",빚투 대폭 감소…급락장서 사흘간 3천억 강제청산 - v.daum.net
gnews,빚투,"Mon, 03 Aug 2026 19:00:00 GMT","""개미들 어쩌나"" 증시 변동성에 빚투 급감 잔고 30조원 붕괴 - 파이낸셜뉴스"
gnews,빚투,"Tue, 28 Jul 2026 23:19:00 GMT",'빚투' 4.6조 줄었지만…SK하이닉스엔 빚내서 베팅한 개미들 - 연합인포맥스
gnews,빚투,"Tue, 04 Aug 2026 02:17:30 GMT",레버리지 ETF '빚투' 제동…증권사 자율규제로 가세 - 아이뉴스24
gnews,빚투,"Tue, 04 Aug 2026 02:43:02 GMT",'빚투 열풍' 기업도 합류…상반기 단기사채 990조 발행 '역대 최대' - 신아일보
gnews,빚투,"Mon, 03 Aug 2026 00:45:00 GMT",코스피 급락에 ‘마통’ 1.8조 급증…‘빚투’로 “분할매수 노려” - 한겨레
gnews,빚투,"Mon, 03 Aug 2026 23:47:00 GMT",7월 반대매매 1조원 육박...‘빚투’ 6개월만에 30조원 아래로 - 조선비즈 - Chosunbiz
gnews,빚투,"Mon, 03 Aug 2026 07:30:53 GMT",'빚투' 대폭 감소…신용융자 잔고 6개월 만에 30조원 하회 - v.daum.net
gnews,빚투,"Sun, 02 Aug 2026 08:45:00 GMT",도박판된 증시…반년새 ‘미성년 빚투’ 2.5배 늘었다 - 조선비즈 - Chosunbiz
gnews,빚투,"Thu, 30 Jul 2026 23:27:01 GMT",증시 폭락에 ‘빚투’ 반대매매도 급증…하방 압력 키우는 변수로 떠오르나 - 조선일보
gnews,빚투,"Mon, 03 Aug 2026 07:54:09 GMT",삼전닉스 폭락에 개미 겁먹었나…‘빚투’ 6개월 만에 30조 붕괴 - v.daum.net
gnews,빚투,"Mon, 03 Aug 2026 08:13:51 GMT",하루 새 3.2조 급감…'빚투' 6개월 만에 최저 - v.daum.net
gnews,빚투,"Mon, 03 Aug 2026 20:00:00 GMT",단일종목 레버리지 거래대금 ‘뚝’… ‘빚투’ 거품 빠지나 [수민이가 궁금해요] - 세계일보
gnews,빚투,"Sat, 01 Aug 2026 04:01:48 GMT","SK하이닉스 주가, 왜 널뛰었을까?…25세 ‘AI 예언자’ 빚투의 숨은 전말 [재테크+] - 서울신문"
gnews,빚투,"Mon, 03 Aug 2026 07:34:16 GMT",'빚투' 신용잔고 30조원 붕괴 … 1月 이래 최초 - 뉴데일리
gnews,빚투,"Thu, 30 Jul 2026 09:00:00 GMT","폭락 후폭풍 시작되나…반대매매 340% 급증, 33조 빚투 '청산 공포' - 한국일보"
gnews,빚투,"Sun, 02 Aug 2026 02:45:24 GMT",주담대 늘고 ‘마통 빚투’ 증가…대출 조여도 집·주식으로 - straightnews.co.kr
gnews,빚투,"Thu, 30 Jul 2026 20:02:22 GMT","“월세라도 벌려고…” 빚투 1년새 2배, 20대 곡소리 더 큰 이유 - v.daum.net"
gnews,빚투,"Sun, 02 Aug 2026 05:32:55 GMT",증시 급락에 마통 1.8조 급증…꺼지지 않는 '빚투' 열기 - 진일보
gnews,빚투,"Sun, 02 Aug 2026 08:24:42 GMT",삼전닉스 저점 매수 노렸나…‘빚투’에 마통 6일간 1.8조 늘어 - v.daum.net
gnews,빚투,"Mon, 03 Aug 2026 20:25:35 GMT",'빚투 지표' 신용융자 잔고 6개월 만에 30조 하회 - supple.kr
gnews,빚투,"Sun, 02 Aug 2026 00:00:11 GMT",[이슈체크] '빚투'에 마통 6일간 1.8조↑…5대은행 주담대 대폭 증가 - 조세금융신문
gnews,빚투,"Wed, 29 Jul 2026 06:30:00 GMT","李 '주식 사라'에 노후 자금 몰빵 … 6070, 폭락장에 '10조 빚투' 청산 공포 - 뉴데일리"
gnews,빚투,"Fri, 31 Jul 2026 16:40:00 GMT",하락장서 던진 개미들 비명… ‘빚투’ 반대매매엔 한숨만 - 동아일보
gnews,빚투,"Mon, 03 Aug 2026 08:55:21 GMT",개미들 ‘빚투’ 줄었다…신용융자 잔고 6개월 만에 30조 밑으로 - 서울경제
gnews,영끌 투자,"Sun, 02 Aug 2026 08:26:00 GMT",가계대출·주담대·‘마통’ 다 늘었다…주식-부동산 ‘영끌 투자’ 우려 - 동아일보
gnews,영끌 투자,"Tue, 28 Jul 2026 01:54:46 GMT","""주식 영끌·빚투 줄여야""…금감원, 소득·자산별 '투자 가이드' 만든다 - 아시아경제"
gnews,영끌 투자,"Wed, 15 Jul 2026 07:00:00 GMT","사모채·레버리지론까지… 美빅테크들, AI 데이터센터 ‘영끌 빚투’ - 조선일보"
gnews,영끌 투자,"Thu, 23 Jul 2026 07:00:00 GMT","구글·테슬라, AI서버에 '영끌투자'… 머스크 ""250억弗 신속집행"" - v.daum.net"
gnews,영끌 투자,"Sun, 12 Jul 2026 07:00:00 GMT",영끌의 종착지 - 기호일보
gnews,영끌 투자,"Tue, 30 Jun 2026 07:00:00 GMT","동탄·기흥·구리 ’영끌투자’ 차단…당국, 가계부채 점검회의 - 연합뉴스TV"
gnews,영끌 투자,"Tue, 12 May 2026 07:00:00 GMT","[현장+] ""월급으로는 늦는다""…포모가 만든 '영끌 투자' - kjtimes"
gnews,영끌 투자,"Tue, 30 Jun 2026 07:00:00 GMT","동탄·기흥·구리도 '영끌투자' 막혀…당국, 가계부채 점검회의(종합) - 연합뉴스"
gnews,영끌 투자,"Tue, 30 Jun 2026 07:00:00 GMT","동탄·기흥·구리도 '영끌투자' 막힌다…당국, 상황점검 회의 - 연합뉴스"
gnews,영끌 투자,"Mon, 06 Jul 2026 07:00:00 GMT",‘빚투’ ‘영끌’ 고위험 투자에 몸살 앓는 국내 주식시장 - 부산일보
gnews,영끌 투자,"Sun, 05 Jul 2026 07:00:00 GMT","빚투·영끌에 몸살앓는 주식시장…한은 ""금융불안 요인 우려"" - 연합뉴스"
gnews,영끌 투자,"Tue, 30 Jun 2026 07:00:00 GMT",전세대출까지 조여… ‘영끌투자’ 차단 [동탄·기흥·구리 ‘3중 규제’] - v.daum.net
gnews,영끌 투자,"Thu, 05 Mar 2026 08:00:00 GMT","“영끌 투자 했는데”… 증시 최악의 날, 빚투 개미들 ‘비명’ - 서울신문"
gnews,영끌 투자,"Tue, 05 May 2026 07:00:00 GMT",[사설]한은 금리 인상 깜빡이… ‘영끌’ 투자자 ‘이자 폭탄’ 대비할 때 - 동아일보
gnews,영끌 투자,"Sat, 30 May 2026 07:00:00 GMT","""'레버리지 영끌' 한방에 훅 간다""...청산당하는 20대 개미들, 살아남는 투자 고수는 이 한가지가 달랐다[인치범의 주식투자 부트캠프] - 파이낸셜뉴스"
gnews,영끌 투자,"Sun, 10 May 2026 07:00:00 GMT","코스피 랠리에 '영끌 투자'…마통 잔액 40조, 3년4개월 만에 최고치 - 뉴스1"
gnews,영끌 투자,"Mon, 16 Mar 2026 07:00:00 GMT",[단독]삼성전자 상무도 적금 깨서 매수…직원들도 '영끌 투자' - 노컷뉴스
gnews,영끌 투자,"Tue, 16 Jun 2026 07:00:00 GMT","[시리즈] 영수증의 데이터화 '영끌' 운영사 팀리미티드, 프리 A 25억 유치... AI 커머스 시장 정조준 - investnews.co.kr"
gnews,영끌 투자,"Thu, 21 May 2026 07:00:00 GMT",'불장'에 카드론까지 끌어쓴다…'고금리 빚투' 우려 - KPI뉴스
gnews,영끌 투자,"Sun, 03 May 2026 07:00:00 GMT",2030 영끌 줄고 '시니어 빚투' 늘었다 - 매일경제
gnews,영끌 투자,"Mon, 22 Jun 2026 07:00:00 GMT","""코스피 1만5000 간대"" 다시 '영끌' '빚투' 나선 2030 - v.daum.net"
gnews,영끌 투자,"Mon, 23 Mar 2026 07:00:00 GMT","“영끌 투자했지만 -60%”…이호철, 주식 투자 실패 고백 [주식열전] - 이코노미스트"
gnews,영끌 투자,"Sat, 16 May 2026 07:00:00 GMT",영끌 대출 받고 퇴직연금 넣고… 외국인이 내던진 주식 다 받는 개미 - 조선일보
gnews,영끌 투자,"Tue, 02 Jun 2026 07:00:00 GMT",[현장+] 주식·부동산 ‘영끌 청년들'의 붕괴 그늘 - kjtimes
gnews,영끌 투자,"Sat, 20 Jun 2026 07:00:00 GMT","불장에 ""삼전닉스 사면 무조건 돈 번다""…영끌 개미들 '풀베팅' [분석+] - 한국경제"
gnews,영끌 투자,"Sun, 05 Jul 2026 07:00:00 GMT","'영끌·빚투' 역대급 급증…한은 ""금융 불안 요인 우려"" - 데일리안"
gnews,영끌 투자,"Thu, 09 Apr 2026 07:00:00 GMT",“부동산 영끌 대신 주식투자로 짭짤”…작년 가계 여유자금 270조 ‘역대 최대’ - 매일경제
gnews,영끌 투자,"Mon, 25 May 2026 07:00:00 GMT","[사설] 본격화하는 금리 상승, 커지는 빚투·영끌 경고음 - 한겨레"
gnews,영끌 투자,"Sun, 05 Jul 2026 07:00:00 GMT","빚투·영끌, 빚내 주식 산다… 신용융자 38조 육박, 한은 “금융불안 우려” - 경북매일"
gnews,영끌 투자,"Tue, 12 May 2026 07:00:00 GMT","술 대신 투자, 청년 1인 가구가 달라졌다…대학가엔 영끌 경고등 - 1코노미뉴스"
gnews,패닉셀,"Fri, 31 Jul 2026 03:01:18 GMT",외국인 ‘개미핥기’… ‘패닉셀 삼닉물량’ 개장 후 2시간새 7조 쓸어담아 - 문화일보
gnews,패닉셀,"Mon, 03 Aug 2026 04:01:40 GMT","9000피 찍고 한 달 만에 5000선 공포…패닉셀 휩쓴 코스피, 8월 반등할까 - v.daum.net"
gnews,패닉셀,"Thu, 30 Jul 2026 01:07:00 GMT",패닉셀에 30% '손절선' 임박한 기관들…매도 대응 분주 - 인베스트조선
gnews,패닉셀,"Wed, 29 Jul 2026 05:15:49 GMT",코스피 장중 5300선 붕괴...공포 사로잡힌 개미들 '패닉 셀' - 주간조선
gnews,패닉셀,"Mon, 03 Aug 2026 05:10:48 GMT","코스피, '패닉셀' 딛고 반등 시험대…8월 키워드는 '계단식 회복' - 프라임경제"
gnews,패닉셀,"Thu, 30 Jul 2026 10:26:00 GMT","개미 연일 패닉셀, 1.4조 던져…“韓증시, 국가자본주의-투기 결합 실험장” - 동아일보"
gnews,패닉셀,"Wed, 29 Jul 2026 15:26:18 GMT",60조원 번 하닉도 ‘패닉셀’ 못 막았다 - 서울신문
gnews,패닉셀,"Thu, 30 Jul 2026 07:32:00 GMT","""바닥 아니었네""…'패닉셀'에 더 하락한 코스피·코스닥 - 노컷뉴스"
gnews,패닉셀,"Wed, 29 Jul 2026 13:18:00 GMT",바닥이 뚫렸다…개미들 패닉셀 - 경향신문
gnews,패닉셀,"Thu, 30 Jul 2026 06:22:00 GMT",개미 '패닉 셀'…6천피 턱밑 찍고 또 털썩 - SBS Biz
gnews,패닉셀,"Wed, 29 Jul 2026 08:08:03 GMT",패닉셀 덮친 증시…코스피 5600선 후퇴·시총 283조 증발 - 뉴스토마토
gnews,패닉셀,"Fri, 31 Jul 2026 05:39:57 GMT",반도체 패닉셀 정점 찍었나...3대 수급 악재 소멸 [마켓딥다이브] - v.daum.net
gnews,패닉셀,"Thu, 30 Jul 2026 03:13:16 GMT",개미 ‘패닉셀’… 오늘도 1.9조 던졌다 - 문화일보
gnews,패닉셀,"Wed, 29 Jul 2026 02:10:10 GMT",[속보]패닉셀 시작…코스피 코스닥 매도 사이드카 - 서울신문
gnews,패닉셀,"Thu, 30 Jul 2026 01:48:26 GMT",패닉셀 끝? 코스피 장중 5%대 급등… ‘역대급 실적’ 삼성전자 7%↑ - 서울신문
gnews,패닉셀,"Thu, 30 Jul 2026 01:28:00 GMT","[증시타임] FOMC 후폭풍…금리·AI·패닉셀, 시장 향방은? - v.daum.net"
gnews,패닉셀,"Thu, 30 Jul 2026 07:19:50 GMT",'89조' 잭팟 터졌지만 반등 없었다…개미 1.4조 '패닉셀' - v.daum.net
gnews,패닉셀,"Wed, 29 Jul 2026 09:43:10 GMT","[집중진단] '패닉셀'에 코스피 연이틀 '서킷브레이커'…레버리지 손실은 56조, 개인만 피눈물 - v.daum.net"
gnews,패닉셀,"Thu, 30 Jul 2026 09:56:40 GMT",[기획] 또 패닉셀… 빛바랜 삼전 ‘미라클 실적’ - v.daum.net
gnews,패닉셀,"Wed, 29 Jul 2026 08:12:00 GMT","[마켓뷰] 코스피, ‘패닉 셀’에 6% 폭락… 사상 첫 이틀 연속 ‘서킷 브레이커’까지 - 조선비즈 - Chosunbiz"
gnews,패닉셀,"Wed, 29 Jul 2026 08:19:18 GMT","‘개미 패닉셀’ 이틀 연속 증시 급락, 레버리지·국민연금이 만든 수급 참사 - 시사저널e"
gnews,패닉셀,"Wed, 29 Jul 2026 08:12:00 GMT",초유의 '패닉셀' 증시 덮치다…IMF보다 코스피 낙폭 컸다(종합) - v.daum.net
gnews,패닉셀,"Thu, 30 Jul 2026 05:45:26 GMT",사상 최초 '이틀 연속' 서킷브레이커! 개미 패닉셀 부른 2가지 수급 참사 - 시사저널e
gnews,패닉셀,"Wed, 29 Jul 2026 06:59:03 GMT",개인 패닉셀…양시장 연이틀 동반 서킷브레이커 [MTN 마감시황] - MTN 머니투데이방송
gnews,패닉셀,"Wed, 29 Jul 2026 22:37:00 GMT",[하우머니] 패닉셀 이후…코스피 반등 가능성은? - SBS Biz
gnews,패닉셀,"Thu, 30 Jul 2026 01:47:04 GMT","서킷브레이커 마다 주식 담았던 개미, 9번째 펀치에 결국 '패닉셀' - ebn.co.kr"
gnews,패닉셀,"Wed, 29 Jul 2026 04:11:29 GMT","코스피, 사상 첫 2거래일 연속 '서킷' … '패닉셀'에 1200조 증발, 개미들 절망의 눈물 - 뉴데일리"
gnews,패닉셀,"Wed, 29 Jul 2026 00:54:09 GMT",반도체주 ‘패닉셀’ 멈추나…SK하이닉스 실적 발표 후 증시 반등 출발[개장시황] - 에너지경제신문
gnews,패닉셀,"Wed, 29 Jul 2026 07:01:37 GMT",분기 60조 벌었는데 패닉셀…SK하이닉스 9% 급락[핫종목](종합) - 뉴스1
gnews,패닉셀,"Wed, 29 Jul 2026 09:00:03 GMT",개미마저 1.4조 순매도 ‘백기’…패닉셀 막아줄 구조대가 없다 - 서울경제
gnews,추격매수,"Mon, 03 Aug 2026 21:30:04 GMT","LG이노텍 '희소식' 떴는데…""추격매수 주의"" 조언한 까닭 [분석+] - 한국경제"
gnews,추격매수,"Mon, 03 Aug 2026 01:47:21 GMT","요동친 증시, ""이달엔 완만한 우상향 …급등시 추격 매수는 자제"" - v.daum.net"
gnews,추격매수,"Mon, 03 Aug 2026 01:47:05 GMT","요동친 증시, ""이달엔 완만한 우상향 …급등시 추격 매수는 자제"" - MTN 머니투데이방송"
gnews,추격매수,"Mon, 03 Aug 2026 09:02:12 GMT",8월 첫째 주 주식 시장: 저항선에 접근 중이니 추격 매수는 자제하십시오. - Vietnam.vn
gnews,추격매수,"Thu, 23 Jul 2026 05:48:00 GMT","[중국 특징주] ""이건 추격 매수""…中 AI 랠리, 소비주 펀드들의 방침 이탈 불러 - 뉴스핌"
gnews,추격매수,"Thu, 09 Jul 2026 07:00:00 GMT","[자산배분 기술②] 하나銀 박현식 ""불장 추격 매수보다 달러자산 베팅하라"" - 연합인포맥스"
gnews,추격매수,"Tue, 28 Jul 2026 01:14:51 GMT",시바이누 37% 급등 뒤 반락…개인 추격매수 속 고래 거래 급증 - digitaltoday.co.kr
gnews,추격매수,"Thu, 09 Jul 2026 07:00:00 GMT",기판·원전·전력기기株의 배신…추격매수 개미들 울상 - 매일경제 마켓
gnews,추격매수,"Wed, 22 Jul 2026 20:31:02 GMT","""주가 뛴다고 '묻지마 추격매수' 금물…공시·수급 확인을"" - edaily.co.kr"
gnews,추격매수,"Tue, 28 Jul 2026 09:00:20 GMT","""추격 매수 말고 조정 때 담아라"" [한경 프리미엄9 TODAY] - 한국경제"
gnews,추격매수,"Tue, 28 Jul 2026 09:01:00 GMT","""추격 매수 말고 조정 때 담아라"" [한경 프리미엄9 TODAY] - 네이트"
gnews,추격매수,"Tue, 07 Jul 2026 07:00:00 GMT","호재 속 팔자냐 추격 매수냐…삼성전자 깜짝 실적, 시장 향방은? - 머니투데이 - 머니투데이"
gnews,추격매수,"Tue, 07 Jul 2026 07:00:00 GMT",삼전 역대급 실적에도 코스피 ‘휘청’… 레버리지 ETF엔 추격매수 몰렸다 - dt.co.kr
gnews,추격매수,"Tue, 28 Jul 2026 05:43:19 GMT","""추격 매수 말고 조정 때 담아라""…증권사들 한목소리 - 한국경제"
gnews,추격매수,"Thu, 02 Jul 2026 07:00:00 GMT",[셀럽의 한 수] 외국인 '149조' 매도 폭탄 추격매수? 관망? 하반기 전략은? - v.daum.net
gnews,추격매수,"Wed, 22 Jul 2026 20:33:00 GMT","""주가 뛴다고 '묻지마 추격매수' 금물…공시·수급 확인을"" - 네이트"
gnews,추격매수,"Thu, 02 Jul 2026 07:00:00 GMT",삼전·하이닉스 지금 추격 매수해도 될까?…하반기 코스피에서 꼭 봐야 할 위험 신호 3가지 [잘살아보세] - v.daum.net
gnews,추격매수,"Thu, 09 Jul 2026 07:00:00 GMT",기판·원전·전력기기株의 배신…추격매수 개미들 울상 - 매일경제
gnews,추격매수,"Thu, 28 May 2026 07:00:00 GMT",반도체 순환매 장세 추격매수 주의보 - 매일경제 마켓
gnews,추격매수,"Thu, 07 May 2026 07:00:00 GMT","""반도체 지금 들어가도 되나""…개미 추격 매수 해법은 ’완급조절’ By EBN - Investing.com 한국어"
gnews,추격매수,"Mon, 18 May 2026 07:00:00 GMT","""와 기회다!"" 테슬라 대거 매도…메모리는 계속 추격 매수[서학픽] - 머니투데이 - 머니투데이"
gnews,추격매수,"Tue, 07 Jul 2026 06:29:11 GMT",공모주 수익률 '주춤'…증권가 '묻지마 청약·추격매수 경계' - 데일리한국
gnews,추격매수,"Mon, 11 May 2026 07:00:00 GMT","'포모' 못 견뎠나…개미들, 급등장에도 추격매수 - 한국경제"
gnews,추격매수,"Mon, 18 May 2026 07:00:00 GMT","글로벌 PE, 반도체 추격매수 대신 헬스케어·디지털플랫폼 선점나서 - 매일경제"
gnews,추격매수,"Mon, 29 Jun 2026 07:00:00 GMT","""고점 추격 매수는 금물""…삼전·하이닉스 '이 가격'에 들어가야 - 뉴시스"
gnews,추격매수,"Sun, 10 May 2026 07:00:00 GMT",불장 속 개미들 갈팡질팡…차익실현·추격매수 반복 - 국제신문
gnews,추격매수,"Wed, 13 May 2026 07:00:00 GMT","코스피 7천이 대수냐…2030 ‘청년개미’, 삼전·닉스 ‘불타기’ 추격 매수 - 한겨레"
gnews,추격매수,"Mon, 27 Apr 2026 07:00:00 GMT","드디어 '130만닉스' 찍었는데…""추격 매수 멈춰라"" 경고 [종목+] - 한국경제"
gnews,추격매수,"Tue, 28 Apr 2026 07:00:00 GMT",“SK하닉 투자의견 하향…추격 매수 중단” 9개월만 나온 증권사 하향 보고서 - 문화일보
gnews,추격매수,"Wed, 01 Jul 2026 07:00:00 GMT",추격 매수·갭투자 차단 나서자 “당장 계약서 쓰자” 문의 빗발 - 마켓인
gnews,개미 투자자 손실,"Wed, 29 Jul 2026 09:13:05 GMT","씨티, “韓 개미투자자, 레버리지 ETF로만 56조 손실…손실 더 커질 수도” - 중앙일보"
gnews,개미 투자자 손실,"Sat, 01 Aug 2026 00:35:10 GMT",[속보]“주식 지금 던지면 손실”… ‘개미 투자자’들 어쩌나 - 문화일보
gnews,개미 투자자 손실,"Sun, 02 Aug 2026 04:10:38 GMT","[프리즘] ""만스피 믿고 들어갔는데""…녹아내린 계좌에 속타는 개미들 - 연합뉴스"
gnews,개미 투자자 손실,"Sun, 02 Aug 2026 02:28:00 GMT",서학개미도 레버리지 피해? 두 달간 50조원 손실 추정 - 조선일보
gnews,개미 투자자 손실,"Wed, 08 Jul 2026 07:00:00 GMT",개미 열에 여덟은 손실봤다…요즘 아무도 주식얘기 안하는 이유 - 매일경제
gnews,개미 투자자 손실,"Sun, 02 Aug 2026 21:00:00 GMT",서학개미도 '레버리지 역풍' 50조원 손실... ‘반토막 공포’ - 조세일보
gnews,개미 투자자 손실,"Sun, 02 Aug 2026 02:33:37 GMT",폭락 뒤 급반등에도 웃지 못한 개미들…“계좌보다 일상이 무너졌다” - 산경투데이
gnews,개미 투자자 손실,"Sat, 01 Aug 2026 22:19:03 GMT","""50조가 두 달 만에…"" 미장 몰려간 서학개미 '대참사' - 한국경제"
gnews,개미 투자자 손실,"Thu, 30 Jul 2026 10:40:00 GMT",개미 레버리지 ETF 56조 원 손실 추정…‘빚투’는 여전 - 국제신문
gnews,개미 투자자 손실,"Sun, 02 Aug 2026 01:14:03 GMT","""50조가 두 달 만에…"" 미장 몰려간 서학개미 '대참사' - 블루밍비트"
gnews,개미 투자자 손실,"Sat, 01 Aug 2026 21:10:01 GMT","'美주식 매수확대' 서학개미, 두 달간 50조원 손실 추정 - 연합뉴스"
gnews,개미 투자자 손실,"Mon, 03 Aug 2026 01:03:00 GMT",서학개미 美서 49조 손실… ‘순매수 톱10’ 절반이 레버리지 - 조선비즈 - Chosunbiz
gnews,개미 투자자 손실,"Wed, 29 Jul 2026 03:19:12 GMT","정부는 ""우리만 이러는 거 아니다""는데... 씨티 ""韓 개인 레버리지 상품 손실 56조원 추정"" - 조선일보"
gnews,개미 투자자 손실,"Sun, 02 Aug 2026 02:29:54 GMT","“하루 종일 주식창만, 롤러코스터 장세에 미칠 지경”…정신과 찾는 ‘주식 중독’ 개미들 - 매일경제 마켓"
gnews,개미 투자자 손실,"Fri, 31 Jul 2026 09:29:48 GMT","[영상] ""하루에도 수십번씩 확인""…병원 찾는 개미 투자자들 - 연합뉴스"
gnews,개미 투자자 손실,"Wed, 29 Jul 2026 02:28:49 GMT","""개미 어쩌나""…'오를 거라 믿었는데' 레버리지 베팅에 수십조원 손실 추정 - v.daum.net"
gnews,개미 투자자 손실,"Wed, 29 Jul 2026 20:31:52 GMT",앞으로 ‘레버리지 몰빵’ 못한다…개미들 이미 56조 손실 추산 - 더스쿠프
gnews,개미 투자자 손실,"Wed, 29 Jul 2026 05:33:18 GMT",“이제 알겠지? 이게 레버리지야”…개미들 두 배 먹으려다 56조 날렸다 - 매일경제 마켓
gnews,개미 투자자 손실,"Sat, 01 Aug 2026 22:25:18 GMT",美로 돌아간 서학개미의 눈물…두 달 만에 평가손실 50조원 - 핀포인트뉴스
gnews,개미 투자자 손실,"Wed, 29 Jul 2026 21:00:00 GMT",'삼전닉스' 레버리지 ETF 손실 56조원 추정... '빚투' 개미들 '비명' - 조세일보
gnews,개미 투자자 손실,"Thu, 30 Jul 2026 01:15:00 GMT","개미 투자자 반발만 키운 김용범의 입…국민의힘 ""무능하면 염치라도 있어야"" - 데일리안"
gnews,개미 투자자 손실,"Wed, 29 Jul 2026 02:32:10 GMT",“개미 56조 날린 레버리지”...韓증시 흔드는 ‘변동성 폭탄’ - 에너지경제신문
gnews,개미 투자자 손실,"Sun, 02 Aug 2026 01:46:00 GMT","코스피 급락에 분노한 개미들, ""이 대통령 맹비난…다시는 주식 사지 않겠다""--블룸버그 - 블록미디어"
gnews,개미 투자자 손실,"Wed, 29 Jul 2026 04:50:34 GMT",레버리지ETF 산 개미들 ‘56조원 손실’…“연말 전 더 떨어질 수도” - 경기일보
gnews,개미 투자자 손실,"Wed, 29 Jul 2026 06:09:25 GMT","씨티, 韓개미 '레버리지 ETF' 투자로 56조 손실 추정 - 뉴시스"
gnews,개미 투자자 손실,"Wed, 29 Jul 2026 02:43:02 GMT","""레버리지 ETF에 물린 개미들…손실 56조원 추산"" - 매일신문"
gnews,개미 투자자 손실,"Wed, 29 Jul 2026 10:50:16 GMT",＂레버리지로 56조 손실 추정＂ 개미 ＇패닉셀＇…근조화환 국회 앞 뒤덮었다 - 한국경제TV
gnews,개미 투자자 손실,"Wed, 29 Jul 2026 05:21:17 GMT","씨티 ""韓개미 레버리지 ETF 손실 56조 추정…하닉만 8조 물려"" - 한국경제"
gnews,개미 투자자 손실,"Sat, 11 Jul 2026 07:00:00 GMT",[머니플로우] 개미들 '실탄' 떨어졌나…투자자예탁금 100조원도 '위태' - 연합뉴스
gnews,주식 중독,"Sat, 01 Aug 2026 23:00:00 GMT",'롤러코스터 주가'에 정신건강 하락세…회사도 휴가도 냉·온탕 - 연합뉴스
gnews,주식 중독,"Tue, 04 Aug 2026 04:00:00 GMT","""포모 고통은 전치 4주급""…박종석 정신과 전문의가 말하는 '주식 투자 우울증' 탈출법 [프레스룸 오늘뭐사니] - 네이트"
gnews,주식 중독,"Tue, 21 Jul 2026 07:00:00 GMT",-38% 찍었는데도 '샐고' 계속하는 이유…주식 때문에 병드는 마음 [개미의 세계] - 파이낸셜뉴스
gnews,주식 중독,"Wed, 15 Jul 2026 07:00:00 GMT","3억2000만원 손실 고백했던 정신과 의사…""주식 중독·우울증 상담 늘어"" - v.daum.net"
gnews,주식 중독,"Mon, 27 Jul 2026 08:52:41 GMT","""친구는 2억 벌었다는데…"" 주식 열풍이 키운 '투자 우울증' - 한국부동산뉴스"
gnews,주식 중독,"Wed, 08 Jul 2026 07:00:00 GMT","""주식 중독에 은행 빚까지…전 재산 날렸다"" 고백한 정신과 의사 - 머니투데이 - 머니투데이"
gnews,주식 중독,"Wed, 15 Jul 2026 07:00:00 GMT",“주식 2억 벌었어” 친구 자랑에…뇌는 전치 4주 고통 느낀다 - 동아일보
gnews,주식 중독,"Tue, 14 Jul 2026 07:00:00 GMT",“나 하이닉스로 2억 벌었어” 친구의 고백…뇌에 ‘전치 4주’ 고통 온다 [헬시타임] - 서울경제
gnews,주식 중독,"Sun, 02 Aug 2026 02:30:00 GMT","""하루 종일 주식창만, 롤러코스터 장세에 미칠 지경""…정신과 찾는 '주식 중독' 개미들 - 네이트"
gnews,주식 중독,"Sat, 11 Jul 2026 07:00:00 GMT","속풀이쇼 동치미 - 정신과 전문의 박종석, 주식 중독에서 벗어난 지 4년… 아직 해결 못 한... - mbn.co.kr"
gnews,주식 중독,"Wed, 22 Jul 2026 05:56:30 GMT",[의료건강 칼럼]도파민은 합법적인 주식을 구별하지 못한다 - 남도일보
gnews,주식 중독,"Sat, 04 Apr 2026 07:00:00 GMT",[영상] “이란 전쟁 후 하루 평균 11명 내원”… 투자 손실과 가정불화 호소 - v.daum.net
gnews,주식 중독,"Tue, 26 May 2026 15:56:44 GMT","'돈 버는 뇌는 다릅니다', 주식중독 병일까? 의사가 알려주는 돈 잃지 않는 주식투자법 - 헬스조선"
gnews,주식 중독,"Sat, 16 May 2026 20:01:18 GMT",[카드뉴스] 주식도 중독된다? - 정신의학신문
gnews,주식 중독,"Mon, 20 Jul 2026 06:07:27 GMT",남의 수익에 느끼는 상대적 박탈감…전문의가 진단한 '주식 포모 증후군' - 경제시그널
gnews,주식 중독,"Sun, 12 Jul 2026 07:00:00 GMT",의사 박종석 “주식 탓 전재산 날려 부모님 생활비 끊고 흙수저 원망 후회” (동치미)[어제TV] - 뉴스엔
gnews,주식 중독,"Wed, 08 Jul 2026 07:00:00 GMT","""은행 대출→주식 투자로 전 재산 날려"" 정신과 전문의 박종석, 씁쓸한 '고백' ('동치미') - v.daum.net"
gnews,주식 중독,"Wed, 10 Jun 2026 07:00:00 GMT","""주식 때문에 일이 손에 안 잡혀요""...롤러코스피에 중독된 개미들 - 파이낸셜뉴스"
gnews,주식 중독,"Thu, 14 May 2026 07:00:00 GMT","""숨어 있는 가치투자 기회 찾아내는 데 중독""…美에 부는 한국 주식 열풍 - 아시아경제"
gnews,주식 중독,"Fri, 24 Apr 2026 07:00:00 GMT","""주식 중독 키우나""…12시간 거래 연장에 투자자단체 거센 비판 - 파이낸스투데이"
gnews,주식 중독,"Tue, 07 Apr 2026 07:00:00 GMT",“2억→5억 만들었는데”…주식 중독 43세에 서장훈 경고 (물어보살) - 스포츠동아
gnews,주식 중독,"Thu, 14 May 2026 07:00:00 GMT","日언론 ""'K-주식'에 중독된 美…비트코인 ETF보다 높은 관심"" - v.daum.net"
gnews,주식 중독,"Thu, 26 Feb 2026 08:00:00 GMT","“주식 투자? 조절 못하면 그냥 중독자” - 평범한미디어의 토론 | 내 손 안의 광장, 빠띠 - campaigns.do"
gnews,주식 중독,"Tue, 14 Jul 2026 07:00:00 GMT","""주식으로 3억 날렸다""던 정신과 의사…""투자 우울증 상담 많아져"" - edaily.co.kr"
gnews,주식 중독,"Thu, 23 Apr 2026 07:00:00 GMT","[특별기고]1500만 투자 시대 그림자 ‘주식 중독'⋯""한국판 IAPT로 사회적 비용 줄여야"" - justeconomix.com"
gnews,주식 중독,"Fri, 12 Jun 2026 07:00:00 GMT",오늘의 SBS 뉴스헌터스 예고 (6월 12일) - news.sbs.co.kr
gnews,주식 중독,"Tue, 07 Apr 2026 07:00:00 GMT","서장훈, '2억→5억' 불린 주식 중독男에…""건강 해치면 돈은 쓸모無"" 경고 (물어보살)[종합] - v.daum.net"
gnews,주식 중독,"Sat, 28 Feb 2026 08:00:00 GMT",불장에 ‘포모 확산’…‘주식중독 의사’ 조언은? - KBS 뉴스
gnews,투자 심리 불안,"Mon, 03 Aug 2026 15:15:04 GMT",글로벌 증시: 투자자들이 불안에 떨고 있다. - Vietnam.vn
gnews,투자 심리 불안,"Tue, 21 Jul 2026 07:00:00 GMT","뉴욕증시, 중동 불안에 투자심리 냉각……다우 0.59%↓ [종합] - v.daum.net"
gnews,투자 심리 불안,"Wed, 29 Jul 2026 23:25:47 GMT","비트코인, 美 금리 동결에 ‘숨 고르기’…“동결이 더 불안” - 마켓인"
gnews,투자 심리 불안,"Fri, 03 Jul 2026 07:00:00 GMT",AI 과잉투자 우려 완화되나…불안해진 투자심리에 연일 널뛰기(종합) - 연합뉴스
gnews,투자 심리 불안,"Wed, 15 Jul 2026 07:00:00 GMT",AI 투자 불안 고조에…'믿을 건 애플' 심리 커졌다 - 지디넷코리아
gnews,투자 심리 불안,"Fri, 31 Jul 2026 21:42:34 GMT",클라우드가 증시를 다시 끌어올렸다… AI 투자 불안 덜자 뉴욕증시 환호성 - 핀포인트뉴스
gnews,투자 심리 불안,"Wed, 29 Jul 2026 12:22:42 GMT",F4 “증시 불안 과도…단일종목 레버리지 총량규제 도입으로 쏠림 완화” - 서울경제
gnews,투자 심리 불안,"Wed, 29 Jul 2026 03:09:30 GMT",코스피 6000선 붕괴에 투자자 불안… 증권가 “공포에 사라” 격언 상기 - 이코리아
gnews,투자 심리 불안,"Mon, 23 Mar 2026 07:00:00 GMT","""전쟁 수혜주 투자하세요""…불안 심리 악용 피싱 주의보 - 연합뉴스TV"
gnews,투자 심리 불안,"Mon, 03 Aug 2026 01:21:00 GMT","삼성전자우, 장중 5%대 급락...반도체 업황 불안 심화에 투자심리 위축 : 기업주식정보 - 재경일보"
gnews,투자 심리 불안,"Sun, 02 Aug 2026 22:06:00 GMT",[증시전략] 중동·국채금리 불안 속 AI 투심 살아나나…뉴욕증시는? - SBS Biz
gnews,투자 심리 불안,"Tue, 14 Jul 2026 09:21:53 GMT","3억 날려 본 정신과 의사 “주식 포모는 ‘전치 4주 고통’, 요즘 환자 늘어” - 매일경제 마켓"
gnews,투자 심리 불안,"Tue, 28 Jul 2026 05:32:49 GMT",“AI 대장주에서 불안주로”…흔들리는 SK하이닉스 [머니+] - 에너지경제신문
gnews,투자 심리 불안,"Wed, 29 Jul 2026 12:49:00 GMT","F4 긴급회의 ""증시 불안은 수급 요인""...정부, 단일종목 레버리지 규제 전면 강화 - 지이코노미"
gnews,투자 심리 불안,"Thu, 30 Jul 2026 23:21:00 GMT","[오늘의 투자전략] 코스피, AI 불안 완화에 반등 전망⋯“상방 재료 우위 국면” - 이투데이"
gnews,투자 심리 불안,"Wed, 15 Jul 2026 07:00:00 GMT",코스피 하락보다 변동성이 더 공포…VKOSPI가 보내는 경고 [이슈+] - 에너지경제신문
gnews,투자 심리 불안,"Fri, 24 Jul 2026 01:08:00 GMT",[넥스블록][비트코인 인사이트] 비트코인 6만5000달러선 밀려…거시 불안에 투자심리 위축 - 이투데이
gnews,투자 심리 불안,"Wed, 15 Jul 2026 07:00:00 GMT",“레버리지 ETF는 대량살상무기”…‘7천피’ 회복 뒤 숨은 불안 [머니+] - 에너지경제신문
gnews,투자 심리 불안,"Mon, 03 Aug 2026 02:14:00 GMT","강원랜드, 장중 하락세 지속…수급 불안에 투자심리 위축 : 기업주식정보 - 재경일보"
gnews,투자 심리 불안,"Tue, 30 Jun 2026 07:00:00 GMT","미국 증시서 메모리반도체 투자심리 불안 신호, 한국 증시도 변동성 확대 경고 - 비즈니스포스트"
gnews,투자 심리 불안,"Tue, 07 Jul 2026 07:00:00 GMT",‘삼전’ 실적 좋았지만… 美 AI 투자 정체에 불안심리 커져 - IT조선
gnews,투자 심리 불안,"Mon, 03 Aug 2026 23:08:00 GMT","[오늘의 투자전략] 美 증시 급등·매크로 불안 완화…""국내 증시 강세 전환 전망"" - 이투데이"
gnews,투자 심리 불안,"Wed, 29 Jul 2026 14:10:00 GMT","Ariston Group, 2026년 2분기 실적 발표…투자자 불안 잠재우지 못해 - Investing.com 한국어"
gnews,투자 심리 불안,"Thu, 23 Jul 2026 07:00:00 GMT",[오늘의 투자전략] 알파벳 호실적에 국내 반도체 불안 완화…코스피 바닥권 인식 확산 - v.daum.net
gnews,투자 심리 불안,"Mon, 29 Jun 2026 07:00:00 GMT","코스피, 8400선 하회...중동 불안·AI 투자심리 위축 겹쳐 - 녹색경제신문"
gnews,투자 심리 불안,"Tue, 26 May 2026 07:00:00 GMT",미국 금리·중동 불안에 채권시장 '흔들'…투자심리 악화 - 진일보
gnews,투자 심리 불안,"Mon, 11 May 2026 07:00:00 GMT","""못 사서, 못 팔아서 불안해요""…이런 투자자들 '이것' 사라는데 - 머니투데이 - 머니투데이"
gnews,투자 심리 불안,"Mon, 09 Mar 2026 07:00:00 GMT",코스피·코스닥 급락 마감…중동 리스크에 투자심리 급랭 - etnews.com
gnews,투자 심리 불안,"Mon, 29 Jun 2026 07:00:00 GMT",“주식에 돈 태우고 기도가 절로 나와요”…코스피 공포지수 역대 최고 - 매일경제 마켓
gnews,투자 심리 불안,"Thu, 04 Jun 2026 07:00:00 GMT",ETF 샀는데 왜 불안할까…답은 '현금흐름'에 있다 - KB Think
gnews,코스피 개인 순매수,"Tue, 04 Aug 2026 00:31:47 GMT","코스피, 개인·외인 순매수에 장중 6300 회복...美 반도체 강세로 '삼전닉스' 상승 - 오피니언뉴스"
gnews,코스피 개인 순매수,"Mon, 03 Aug 2026 17:12:00 GMT","코스피 6,200선 '털썩'...코스닥은 '매수 사이드카' - YTN"
gnews,코스피 개인 순매수,"Sun, 02 Aug 2026 05:20:50 GMT",코스피 7000선 회복 '좌절'…개인·외국인 2조원대 순매수 - v.daum.net
gnews,코스피 개인 순매수,"Mon, 03 Aug 2026 07:29:54 GMT",코스피 5% 급락에 개인 4.6조 폭풍 순매수… '야수의 심장' 개미들이 돌아왔나? - dailysisa.com
gnews,코스피 개인 순매수,"Mon, 03 Aug 2026 04:38:14 GMT",[食전食후] 코스피 4%대 급락에 개인 3조5000억 순매수 - 아주경제
gnews,코스피 개인 순매수,"Mon, 03 Aug 2026 07:20:00 GMT",[마감시황] 반도체 차익 실현 매물에 코스피 5.12% 하락 - 뉴스핌
gnews,코스피 개인 순매수,"Mon, 03 Aug 2026 11:40:00 GMT",“탈출하면 다신 국장 안 해” 코스피 급등하자 국내 ETF 내던졌다 [투자360] - 헤럴드경제
gnews,코스피 개인 순매수,"Thu, 30 Jul 2026 06:05:31 GMT",코스피 약세 지속…개인은 팔고 외국인·기관은 사고 - 매일경제 마켓
gnews,코스피 개인 순매수,"Mon, 03 Aug 2026 01:08:00 GMT",코스피 6300선도 위태…개인 2조 순매수에도 하락 [시황] - 데일리안
gnews,코스피 개인 순매수,"Tue, 14 Jul 2026 07:00:00 GMT",코스피 9%폭락에도 개인 '하닉 레버리지' 6천억 순매수…역추세추종 뚜렷 - 연합인포맥스
gnews,코스피 개인 순매수,"Sat, 01 Aug 2026 11:34:50 GMT","개인투자자, 올해 코스피 110조 살 때 ETF도 70조 순매수 - 매일경제TV"
gnews,코스피 개인 순매수,"Fri, 31 Jul 2026 04:44:28 GMT","코스피, 15% 급등…외국인 9조 순매수에 반도체株 '폭등' - 한국경제"
gnews,코스피 개인 순매수,"Sun, 02 Aug 2026 03:00:00 GMT",기관 'SK하이닉스'·외인 'SK스퀘어'·개인 '삼성SDI' 1위 [주간 코스피 순매수- 2026년 7월27일~7월31일] - 한국금융신문
gnews,코스피 개인 순매수,"Sun, 26 Jul 2026 07:00:00 GMT","개미들, 코스피 110조 살 때 ETF도 70조 순매수했다 - 조선비즈 - Chosunbiz"
gnews,코스피 개인 순매수,"Mon, 03 Aug 2026 06:37:43 GMT",[마감시황] 개인 4조6500억 저가매수에도…코스피 5% 급락 마감 - 아주경제
gnews,코스피 개인 순매수,"Mon, 27 Jul 2026 07:52:29 GMT",[증시 인사이트] 외국인 매도에도 개인·기관 순매수에 코스피 상승 - v.daum.net
gnews,코스피 개인 순매수,"Sun, 26 Jul 2026 07:00:00 GMT","개인투자자, 올해 코스피 110조 살 때 ETF도 70조 순매수 - 연합뉴스"
gnews,코스피 개인 순매수,"Fri, 24 Jul 2026 07:00:00 GMT",개인 순매수에도 '역부족' 코스피 털썩…단일종목 레버리지 15%대 폭락 - v.daum.net
gnews,코스피 개인 순매수,"Fri, 15 May 2026 07:00:00 GMT","개인 ‘역대급 7.2조 순매수’에도…코스피, 8000선 닿자마자 6% 급락 - 경향신문"
gnews,코스피 개인 순매수,"Wed, 29 Jul 2026 07:12:25 GMT","코스피 톱텐 전멸, 6% 내린 5600대 마감...기관 순매수에 낙폭 축소 - 오피니언뉴스"
gnews,코스피 개인 순매수,"Sat, 01 Aug 2026 22:04:00 GMT","[주식 소화불량④] 삼전 대신 S&P500…롤러코스피에 지친 개미, 미국으로 - 데일리안"
gnews,코스피 개인 순매수,"Tue, 26 May 2026 07:00:00 GMT","코스피, 장중 8,100선 돌파…외국인 13일만에 순매수 - KBS 뉴스"
gnews,코스피 개인 순매수,"Mon, 27 Jul 2026 07:05:19 GMT","'막판 뒷심' 코스피, 0.97% 오른 6577.75 마감...개인·기관 순매수 - 오피니언뉴스"
gnews,코스피 개인 순매수,"Mon, 27 Jul 2026 00:18:14 GMT","[개장 시황] 코스피, 상승 출발…개인 순매수에 반도체주 혼조 - 필드뉴스"
gnews,코스피 개인 순매수,"Sun, 26 Jul 2026 05:56:18 GMT","개인 올해 ETF 69.5조 순매수, 코스피 주식 순매수의 63% 규모 - 비즈니스포스트"
gnews,코스피 개인 순매수,"Fri, 24 Jul 2026 07:00:00 GMT",5.5조 순매수 후 장초반 '팔자'…외국인 돌아오면 코스피 날개 달까 - v.daum.net
gnews,코스피 개인 순매수,"Wed, 29 Jul 2026 01:21:56 GMT","코스피, 기관 7000억 순매수에 1%대 반등…개인·외국인은 매도세 - 주간시사매거진"
gnews,코스피 개인 순매수,"Mon, 04 May 2026 07:00:00 GMT","[투자자 순매수] 외국인 투자자, 코스피 랠리 속 개인 3배 수익률 달성 - v.daum.net"
gnews,코스피 개인 순매수,"Tue, 16 Jun 2026 07:00:00 GMT","코스피, 8700선 탈환…종전 훈풍에 외국인·기관 순매수 - 매일경제 마켓"
