id,stratum,stratum_size,v1_tags,v2_tags,v2_matches,label,text
DM-000911,v1_only,400,분노·불신,,,NONE,어제 오늘 금요일 올린거 뺏으니 내일이나 모레 쳐올리것지 공매도 친게 얼마인데
DM-004803,v1_only,400,충동·중독시그널,,,NONE,@illillii-x2q  올인에 미친 국가 ㅋㅋㅋ
DM-001799,both,180,분노·불신,분노·불신,분노·불신:짜증,분노·불신,진짜 왕 짜증 날씨도 덥은데 이게 뭐하는건지 시원하게 한방 주소
DM-002051,v2_only,80,,불안·공포,불안·공포:쫄,NONE,실적 괜찮음 컨콜만 잘하면 됨 그냥 예상대로임 ㅇㅇ 쫄지들말어
DM-003998,v1_only,400,분노·불신,,,NONE,"✨주식의 시대 제.대.로 배우자!✨삼프로 구독 서비스 🔥박병창&이선엽&김장열&이권희&장우진&박명석을 지금 만나보세요! 👉https://bit.ly/46OIrLB  ======================== 🌄 3PRO 두근두근 오늘의 핫딜! 😍 🥩 최현석 함박 10팩 최초, 3만원대! 👉 https://web.rethinkmall.com/link/20266 👕 폴로티 셋업 2+2 최초, 3만원대! 👉 https://web.rethinkmall.com/link/20268 ======================== 🚨 [투자자라면 놓치지 마세요!] 3PRO 도슨트 총출동! 투자 전문가들과 함께하는 2026 3PRO 테크 탐방 👉 https://bit.ly/3Rbnfec ====================="
DM-001085,neither,3279,,,,NONE,11월   신작 발표 제목 : 코레아  빠징코  신작 발표 ​ 쫌 있으면   영화로 나온다 ​ ㅋㅋㅋㅋㅋㅋㅋㅋㅋㅋㅋㅋ ​
DM-000531,v1_only,400,분노·불신,,,NONE,개미분들 빨리 팔고 삼전닉스 가세요
DM-000741,neither,3279,,,,NONE,악재소멸!  흑자전환!!!
DM-002931,v1_only,400,분노·불신,,,NONE,개미들 익명그룹방에서 정보 공유합시다
DM-004298,both,180,분노·불신,분노·불신,분노·불신:사기,NONE,사기/횡령/배임도...
DM-001160,v2_only,80,,분노·불신,분노·불신:놈들,분노·불신,하이닉스 샌디스크와 협력 10세대 낸드 양산 FMS 2026 행사에서 샌디스크와 10세대 낸드 첫 선 차세대메모리 기술로 꼽히는 고대역폭 플래시 HBF 표준규격 공개 시장 선점 나선다 호재는 넘쳐 나는데 개관놈들 주가를 왜 누르기 할까요 안타까울 뿐입니다 그래도 언젠가 희망은 찾아 올겁니다
DM-001915,v1_only,400,후회·손실고통,,,NONE,공장 돌려서 적자 확대.ㅋㅋㅋㅋㅋㅋㅋㅋㅋㅋㅋㅋㅋㅋㅋㅋㅋ가동율50프로는 되야 본전일텐데.ㅋㅋㅋㅋㅋㅋ
DM-000381,v2_only,80,,후회·손실고통,후회·손실고통:물려있,NONE,현대차 사서 지금 물려있는 개인들은
DM-003557,v2_only,80,,분노·불신,분노·불신:새끼,분노·불신,양말 이새끼 뭐하는거냐?? 해석좀해봐 씨발
DM-004448,neither,3279,,,,NONE,우리나라같은 아파트 보급하면 홈파티중에 아래층에서 샷건 쏠수도...
DM-001965,v2_only,80,,분노·불신,분노·불신:놈들,NONE,박이사  선대인이는 요즘 뭐하노? 저 두놈들 요즘 뭐하면서 사는지 아시는분? 궁금하다 갑자기 ㅋㅋ
DM-001091,v2_only,80,,분노·불신,분노·불신:놈들,분노·불신,외놈들이 환차익 보러 달러 환전하나...  뭐 이리 팔아 제끼는겨..
DM-003609,neither,3279,,,,NONE,하닉 120일 회복한거 아닌가? 지리노 ㅋㅋ
DM-003332,v2_only,80,,분노·불신,분노·불신:어이없,NONE,8만원짜리가 157만원이 된것도 어이없지않냐?
DM-004771,both,180,불안·공포,불안·공포,불안·공포:불안,불안·공포|분노·불신,@김군-b9u  잼버리도 그렇고 이미 세금도둑 많은걸로 유명하자나요. 추경해서 포퓰리즘에 쓴 이정부가 하는 것도 불안할 수 밖에 없구요.
DM-001014,both,180,분노·불신,분노·불신,분노·불신:사기,분노·불신,70 만원이 아니라 5만전자로 회귀 사기꾼들의 말장난으로 개미들만
DM-003399,v2_only,80,,분노·불신,분노·불신:놈들,분노·불신,국짐이든 민주당이든 ㅈ같은 놈들이 돌리지도 못하는 걸
DM-002076,neither,3279,,,,분노·불신,수주 공시 이런거 없나요? 버티고 버티던 사람들에겐 날벼락같은 실적이네... 진짜 이제는 좋은말이 나올래야 나올수가 없네. 에코프로 수주공시좀 내자!
DM-001632,both,180,불안·공포,불안·공포,불안·공포:걱정된,불안·공포,가네..흠 일단 245000원에 비중 좀 덜면 되는거지?..하두 많이 당해서 걱정된다.
DM-004832,neither,3279,,,,NONE,@바보-sshsjxh98927  화짱조라 한국말 못해서 그럼
DM-002385,v1_only,400,후회·손실고통,,,분노·불신,뭔개소리야 레버리지상장이후 전부반토막 난거 해외에서도 레버리지는 잘못이라는데. 당연히정부에서레버리즈를 급하게 상장시킬 이유가 있었냐 그걸 뭐라 하는건데 넌 무슨개소리를 하고다니냐
DM-001879,v2_only,80,,후회·손실고통,후회·손실고통:물려있,NONE,물려있는거랍니다  아실만한분이..
DM-003990,v2_only,80,,불안·공포,불안·공포:두렵,불안·공포,내일도 하락이네요 ㅠㅠ 반도체 얼마나 빠질까 두렵다
DM-003471,v1_only,400,충동·중독시그널,,,NONE,https://x.com/FirstSquawk/status/2084515609648439755 풀매수했대
DM-001002,v1_only,400,분노·불신,,,NONE,한동안 보지마라 세력 장난칠때 들어가면 개피본다
DM-001069,neither,3279,,,,분노·불신,프로그램. 매수로 바뀌었다. 골드만 힘내라 개관 박살내라.
DM-004915,both,180,충동·중독시그널,충동·중독시그널,충동·중독시그널:몰빵,충동·중독시그널,이거보고 에이직랜드 몰빵쳤습니다^^
DM-001035,both,180,불안·공포|후회·손실고통|분노·불신,불안·공포|후회·손실고통|분노·불신,불안·공포:공포에|후회·손실고통:본전만|분노·불신:개수작,분노·불신,●●● 최소 70만원 이상 오릅니다!! ●●●●● 삼성전자 주주님들 반드시 읽어주십시요. 저는 주식경력 20년차 입니다. 중요한 내용이니 필독 바랍니다. ​ ​ 지금 전세계에서 돈을 가장 많이 버는 기업이 바로 삼성전자입니다 ​ 애플 테슬라 마이크로소프트?? 다 아니고 삼성전자라구요.. ​ 전세계 모든 세력들이 삼성전자에 달려들고 있고 ​ 어떻게든 국내 개미들 죽이고 나서 자기들만 10배 20배 해먹을려고 개수작하는겁니다. ​ ​ 8월에도 7월 처럼 20만원 이하로 또 한번 개미털기~~ ​ 20만원 이하로 17만원대 혹은 최악은 15만원대까지 공포에 투매를 ​ 이렇게 2번은 폭락 시켜야 30만원대 본전만 가도 다 팔고 도망가겠죠? ​ 세력이 노리는게 바로 이겁니다... ​ 앨리어트파동이론에 따르면 5만원에서
DM-003554,neither,3279,,,,분노·불신,누렁이 하닉 20만 폭탄 ㅅㅂ
DM-003619,both,180,충동·중독시그널,충동·중독시그널,충동·중독시그널:못참,충동·중독시그널,하이닉스 레버 정리햇다 이제 더는 못참겟다
DM-002058,neither,3279,,,,후회·손실고통,실적 예상보다 하회 망했다
DM-003079,neither,3279,,,,NONE,"1) 테스터 그룹 가입 — 구글 로그인 상태에서 열어주세요 https://groups.google.com/g/quantum-asset-tester ""그룹 가입"" 버튼 누르면 끝입니다. 승인 안 기다리셔도 됩니다. 2) 가입 후 테스트 참여 → ""테스터가 되기"" → Play 스토어에서 설치 https://play.google.com/apps/testing/com.quantumasset.quantum_asset"
DM-000926,neither,3279,,,,NONE,제반 찌라시 보고 가자
DM-001252,neither,3279,,,,NONE,사리나와요 헬쥐~ 이거 반도체 따까리냐ㅋㅋ
DM-003795,v2_only,80,,후회·손실고통,후회·손실고통:물려서,후회·손실고통,모든 종목이 물려서~ㅠㅠ
DM-002164,neither,3279,,,,분노·불신,쯧쯧~~   그럴 시간에  뭔 일이라도 해라
DM-001028,v1_only,400,분노·불신,,,분노·불신,내일 미장 내리면 떡락인데 뭔 개미털기 같은 소리를 하세요
DM-003915,v1_only,400,분노·불신,,,NONE,"✨주식의 시대 제.대.로 배우자!✨삼프로 구독 서비스 🔥박병창&이선엽&김장열&이권희&장우진&박명석을 지금 만나보세요! 👉https://bit.ly/46OIrLB  ======================== 🌄 3PRO 두근두근 오늘의 핫딜! 😍 💻 LG그램 11세대 테라급 최초, 87만원! 👉 https://web.rethinkmall.com/link/20287 🍳 대상 볶음요리 4+2팩 최초, 2만원대! 👉 https://web.rethinkmall.com/link/20290 ======================== 🚨 [투자자라면 놓치지 마세요!] 3PRO 도슨트 총출동! 투자 전문가들과 함께하는 2026 3PRO 테크 탐방 👉 https://bit.ly/3Rbnfec ================"
DM-002431,neither,3279,,,,NONE,슬슬~~~~ 대반전의 기운이 감돈다!!~~^^♡♡♡♡♡
DM-004070,both,180,분노·불신,분노·불신,분노·불신:작전주,분노·불신,코스피가 작전주 무빙이에요 말이 안되요 최근 흐름이
DM-002204,both,180,분노·불신,분노·불신,분노·불신:쓰레기,분노·불신,쓰레기 쓰레기 혼자 뭐하는거지
DM-001297,v1_only,400,분노·불신,,,분노·불신,레버리지 규제가 아니라 공매도 금지를 해라..!!! 답답하네
DM-004973,both,180,FOMO·상대적박탈감,FOMO·상대적박탈감,FOMO·상대적박탈감:부럽,FOMO·상대적박탈감,부럽다 하나만 사도되서
DM-004386,v2_only,80,,분노·불신,분노·불신:놈들,분노·불신,나라에 도둑놈들이 너무 많다
DM-003154,v2_only,80,,분노·불신,분노·불신:새끼,분노·불신,잡주판에서 제일 멍청한 새끼 ㅇㅇ
DM-003172,v2_only,80,,분노·불신,분노·불신:장난치,분노·불신,아다 저건 누가 장난치는거야?
DM-000919,neither,3279,,,,분노·불신,곽똥신아 주주홧병 주주 환원  하라
DM-004248,v2_only,80,,FOMO·상대적박탈감,FOMO·상대적박탈감:다 벌,분노·불신,"담합이익보다 벌금이 약하니, 사실상 벌금이 아닌 세금수준.. 소득이 확실하니 세금같은 벌금이 무서울리가.. 범죄자는 벌금도 천문학적으로 나오고 실형도 때리고, 사주도 실형가능해야 안하지 에휴"
DM-002031,v1_only,400,불안·공포,,,분노·불신,"예정된 수순이다. 폭락한다고 했짠니.  고고싱 하락... -20% ​ 이 회사는 아닌듯 하다. 삼디나 엔솔이 맞다. ​ 여긴 진짜 망필인 회사인듯 하다 ​ 다 구리고, 주주들 뒤통수 치고.."
DM-001182,both,180,분노·불신,분노·불신,분노·불신:짜증,분노·불신,상한가만 20년 형 왔다. 날씨도 더운데 하닉도 짜증나는구나 오르는 꼴을 못 보는구나 오르면 계속 하락이구나 하이닉스도 개잡주가 되어버렸구나
DM-003956,v1_only,400,분노·불신,,,NONE,대한민국만 반도체 만들면 호황이다  하지만 다른 국가도 만들고 있다는 것 결국 경쟁이고 언젠간 거품이 빠지는 것이 반도체
DM-001420,v2_only,80,,분노·불신,분노·불신:선동,분노·불신,얼마나 무식하면 이런소리를할까. ㅋㅋㅋㅋㅋ소득주도성장 쉐쉐. 곰팡이백신부작용인가. 탈원전하면 반도체공장은뭘로돌릴건데?데이터센터는뭘로돌려? 화력발전소풍력? 집에 에어컨은틀수있음? 전기세부터 몇백나올듯? 사회주의국가에서나 탈원전선동했지. 말은바로해라 좀 ㅉㅉ
DM-001197,v1_only,400,불안·공포,,,분노·불신,밑에넘 개딸이구나~  길에서 조심해라! 걸리면 주둥이 찢는다
DM-001770,both,180,후회·손실고통,후회·손실고통,후회·손실고통:물렸,NONE,24에 처 물렸노ㅋ
DM-001019,v2_only,80,,분노·불신,분노·불신:놈들,NONE,형인데. 코스닥장이야 당분간 순환매 들어가자너 마지막을 향해 가는중이야. 코즈닥 금방 죽을건데. 그때부터 빙하기 시작이야... 기관이 돈빼서 고스닥가서 한탕 또 해처먹어야하자너.. 그담은... 그놈들도 미장간다. 반등줘서 빨간불보면 줄때먹어라. 줄먹장이다
DM-001024,neither,3279,,,,NONE,개송이들이 기술가지고 취업하겠지.
DM-004024,both,180,후회·손실고통|충동·중독시그널,후회·손실고통|충동·중독시그널,후회·손실고통:물렸|충동·중독시그널:몰빵,NONE,몰빵이고 나발이고 이미 반도체만 남았다고 하면서 사람들 거의 반도체에 들어와 물렸을텐데 균형 잡을 돈이 있나 모르겠네.
DM-001637,v2_only,80,,충동·중독시그널,충동·중독시그널:미수,충동·중독시그널,어쩌긴 뭘 어쩌..  나처럼 풀미수베팅 하는 사람은 그거이 신경 쓰여 ㅋㅋㅋㅋㅋㅋ
DM-004434,v2_only,80,,분노·불신,분노·불신:해먹,NONE,@로오댕  ㅋㅋㅋ 이제까지 정유사들이 실컷 해먹다가 이제와서 잡은건데 지금 현 국회의원 욕을 하는게 말이됨? 이제라도 잡았으면 잘한거아니야?
DM-001413,neither,3279,,,,분노·불신,실체도 없는 레인이는 46만원인데 우리 현대차는 왜 이러실까?
DM-003693,v1_only,400,분노·불신,,,NONE,개미가 하도 던져서 지들이 사도 잘 안오르는 분위기 아님? 물량 확보 할때 까지는 계속 절망감 주면서 조용히 물량만 모을거 같은데
DM-001392,both,180,FOMO·상대적박탈감,FOMO·상대적박탈감,FOMO·상대적박탈감:포모,분노·불신,"포모에 주가에 미친건 투기!! 건전한 비판좋죠! 근데.. 이건뭐.. 우리나라가 망한다.. 회사가 망한다느니.. 여기분들은 반평생 코스피5천, 6천넘는거 보셨나요? 왤케 호들갑인지.. 투자를 하랬지..포모에 투기를하랬나요? 이럴꺼면 장투교 가입해서 예배나하는게 정신에좋음."
DM-003873,neither,3279,,,,NONE,홀짝 쇼 여유있는 사람이야 괜찮겠지만.. 중요한 돈 넣은 사람은 어떡하냐?
DM-003999,both,180,후회·손실고통,후회·손실고통,후회·손실고통:반토막 났,후회·손실고통,증권주 반토막 났어요😢
DM-002266,both,180,FOMO·상대적박탈감,FOMO·상대적박탈감,FOMO·상대적박탈감:지금이라도 사,NONE,"이번주 420000원 박스권 상단,(권리락 후 323000원) 넘는다... 쫑알 되지말고.. 살거면 지금이라도 사라...연초 2건 LO가 42만우너 선이다. 이번 새로운  LO는 이것보다 더 가야하지 않겠니?? 머크 큐렉스 전환율과 매출이 급격하게 증가하고 있는 데,... 특허이슈 긑나가고 있고,.. SC제형 누구나 할 수 있는 것 아니다.. 찌라시에 속지마라.."
DM-001765,v2_only,80,,분노·불신,분노·불신:놈들,분노·불신,이놈들은 실적잘나오면 기대감과 미래성장 얘기하고 기대감얘기하면 또 실적얘기하고있네 안티 니들끼리 합의좀보고와라
DM-003552,v2_only,80,,분노·불신,분노·불신:놈들,NONE,똥색 양말 놈들 존나 웃기네
DM-002050,v2_only,80,,분노·불신,분노·불신:해먹,분노·불신,실적이 이따구에 유증?? 것도 대규모로 유증을 감행한거냐 회사로 한탕 해먹으려고 작정했네 이동채는 회사 매각시키고 물러나라 어차피 승계는 어려워보인다 그리고 주가 누르기 벌금이나 맞을 생각해라
DM-000082,neither,3279,,,,NONE,국가가 주가에 개입한순간
DM-004806,neither,3279,,,,분노·불신,중국에게 주려고 만드는거지ㅋ
DM-003782,neither,3279,,,,NONE,기업이 자사주를 많이 사던가 주주들을 챙겨줘서 코스피를 하는 이유를 만들어 내던가 해야될듯
DM-003950,v2_only,80,,분노·불신,분노·불신:한심,분노·불신,잘 맞추지도 못하면서 올라간다고 뭘그리 확신하나....정말 한심하네.
DM-002405,both,180,후회·손실고통,후회·손실고통,후회·손실고통:물린 분,NONE,"여러분 제발~~~!! 20만원 중반 이상 물린 분들은 어쩔 수 없지만...신규 진입이나 애매한 분들은 제발 단타 치세요! ​ 반도체가 조정 받았다 해도 그동안 너무 올랐기에 쉽게 가지 못해요...지금처럼 변동성도 크고 널뛰기 할때는 욕심을 버리시고 단타치면서 수익을 올리는 것도 하나의 방법입니다! ​ 약 2주간 한미에서 천만원으로 3백만원 수익 보고 있는데, 분단위까진 아니지만 적당히 내리면 사고 적당히 오르면 파는게 수익이 좋아요ㅋ ​ 제가 글 올리면 누군 푼돈 벌어 머하냐고 조롱 열라 하지만 2주전 첫 진입 금액이 22만원인데 지금까지 뒀으면 3백 수익은 커녕 -10%로 백만원 손해입니다ㅋ ​ 다들 홧팅입니다ㅋ"
DM-000565,v1_only,400,분노·불신,,,NONE,진짜 팔아주는 개미들 너무감사하다
DM-004479,neither,3279,,,,NONE,​ @ohwilliam8517 지방도 조금만 도심으로 가면 6억 시작임
DM-001492,both,180,FOMO·상대적박탈감|분노·불신,FOMO·상대적박탈감,FOMO·상대적박탈감:지금이라도 늦지,NONE,개미형님들 어제 제가 개카오버리고 네이버사라고 글 2개나올렸는데 왜 제말을 무시하시고 욕하시고 그럽니까?? ​ 지금이라도 늦지 않았습니다. 주주들 개 똥으로보는 카카오는 빨리 버려야 상책입니다. ​ 카카오는 일하는 직원들 수준이 네이버 엔씨 못가는  폐급들만 모여서 더 커지기 힘듭니다. ​ 일하는사람이 폐급만있는데 기업이 어떻게 성장합니까?
DM-001227,both,180,충동·중독시그널,충동·중독시그널,충동·중독시그널:전재산,충동·중독시그널,쫌만 더 내리면되는게 그걸 못참고 올려버리네 전재산 박았다 가보즈아
DM-000665,v1_only,400,분노·불신,,,NONE,매출 실적도 없는 거품
DM-001483,both,180,후회·손실고통,후회·손실고통,후회·손실고통:물려있,NONE,현대차 사서 지금 물려있는 개인들은  주식 접고 적금드는것이 남은 재산 지키는 길임 주식에 조금이라도 감각있는 사람들은 60만원대로 떨어질때 다 팔고 떠났음 지금 현대차에 물려있는 사람들은 주식에 대한 감각이 전혀 없는 사람들임 현대차 물린 님들은 주식 할수록 돈이 사라질거임 본전생각으로 주식을 계속 할 경우 그나마 남은 돈도 점점 줄어들것임 ​
DM-002342,both,180,충동·중독시그널,충동·중독시그널,충동·중독시그널:지르고,분노·불신,옆집 짱꿰 이사왔는데 담배피고 밤늦게 까지 소리지르고 ㅈ겠음 ㅠㅠ 1찍들아 제발 무비자 좀 없애주라 ㅠㅠ
DM-002326,v2_only,80,,FOMO·상대적박탈감,FOMO·상대적박탈감:나빼고,분노·불신,"한미 하여간 여기도  남탓깨나 해되는 인간들,집합소가맞네.  니가남돈낼름먹어보겠다고 니손가락으로눌러투자햐놓고선 이제와서 와 니탓 너탓 나빼고 모두의탓으로 돌리는데~~뭐가빠져도 많이빠졌나벼.^!^^!^^!^~~"""
DM-003814,v1_only,400,불안·공포,,,NONE,폭락했다 말아올렸다하락중  허구헌날 하락중 수급도  바닥이라고
DM-000563,v1_only,400,분노·불신,,,NONE,오늘 개미 70만주 이상 털리것네
DM-002939,v2_only,80,,충동·중독시그널,충동·중독시그널:미수,충동·중독시그널|분노·불신,아시발 하닉 상에 2억 미수 갈겻는데 머냐
DM-002249,neither,3279,,,,NONE,오늘.. VI 두번정도 구경하면 좋겠네요^*^ 오늘보다는 내일이 더 기대되는 날!!!
DM-001236,v1_only,400,분노·불신,,,NONE,7월8일부터 19거래일 횡보네 공매도들도 지치겠다 슬슬 숏커버 하지 숏커버 누가 먼저 하냐 눈치싸움 안하나...
DM-001802,both,180,분노·불신,분노·불신,분노·불신:사기,분노·불신,지수가 이틀간 8프로 올랐는데  지수 반도 못 따라 붙는거보면 여기는 답 없음 ㅋㅋㅋㅋㅋ 매물은 14층이 수두룩한데 12층도 못감 ㅋㅋㅋㅋㅋㅋ 동채의 사기라는걸 모두가 아는거지
DM-001542,both,180,충동·중독시그널,충동·중독시그널,충동·중독시그널:지르고,NONE,이제4층으로 이사좀가야할덴데 저는 아직도 카카오캐슬3층에서 산지  오래됬는데요  층간소음도많고 ㅜㅜ 옆집 아저씨는 파업한다  데모한다 하면서  고함을지르고 낮ㆍ밤가리지않고 ㅜㅜ 그분성함이 범수아저씨  고성방가고고소가들어가 지금재판중입니다 이제 다 잊고 4층으로 이사를가야하는데 ㅜㅜ 이사비용도없고 으흐흐 공기좋은 15층으로 갈수나있을런지  꿈을꿔보는  아주 평범한 가장입니다  20평 방2개 3층에서는그만살고싶습니다 4층은 방3개에 화장실도2개라고하던데 언젠가는 꼭4층으로 이사를가야할덴데 ㅜㅜ 모든분들도17층 고층아파트로 이사하는그날까지 카카오캔슬에서 사이좋게 살아보자구요
DM-004642,both,180,충동·중독시그널,충동·중독시그널,충동·중독시그널:몰빵,NONE,90년대 말 인터넷 몰빵 했던것처럼 이번에도 잘 되어서 후손들이 먹고 살 길이 열리길
DM-001857,both,180,충동·중독시그널,충동·중독시그널,충동·중독시그널:몰빵,NONE,dog잡주 dog폭등중 ㅋㅋㅋㅋ 역시 비엠 ㅋㅋㅋㅋ ​ 실적3분기도 어닝 쇼크 예정 ㅋㅋㅋㅋ ​ 어여사라  신용 미수 몰빵 가즈아 ㅋㅋㅋ
DM-004347,neither,3279,,,,NONE,@Rutsphalt  쟤들은 생각이 없어서 저런 스탠스를 취할 수 밖에 없는 거임.
DM-002162,v1_only,400,불안·공포,,,NONE,개잡주가 난리났네 개잡주 주제에. ​ 폭락가자
DM-001271,both,180,분노·불신,분노·불신,분노·불신:선동,분노·불신,비엠 이번 출고된 전기차 중국산 밧데리 장착 반도체 망하는게아니고~ 개미들 돈으로 선동 뽐뿌질만~
DM-001226,v2_only,80,,충동·중독시그널,충동·중독시그널:전재산,NONE,"그렇게 돈을 따고 싶냐? 그럼 내가 알켜 줄께, 오늘 150에 10주 사라. 담에 75만원 오거든 30주 더사라. 그담엔 40만원 오면 100주 사고, 그담엔  20만원 오거든 200주 추매. 이담에 10만원 오거든  500주 사고, 그후에 5만원 오면 알지? 2000주 사라고, 2만원 오면 전재산 털어서 사봐. 그러면, 꼭 먹을거야. ​ 10주 샀는데, 다음달에 50푸로 먹었다고? 그럼. 5주만 더 사고 그만사. ​"
DM-002153,v2_only,80,,분노·불신,분노·불신:놈들,NONE,저것들 어제도  십민주넘게 대차한거 같던데 간이 튀어나온놈들이여
DM-000108,neither,3279,,,,NONE,하이녹스 회장은 이재용한데가서
DM-004232,v2_only,80,,FOMO·상대적박탈감|후회·손실고통,FOMO·상대적박탈감:배아파|후회·손실고통:물려서,NONE,미장에 물려서 뒤지던 애들이 코스피 보고 배아파서 떨어져라 떨어져라 기도하더니 진짜 작살남 ㅋㅋ
DM-003438,v2_only,80,,분노·불신,분노·불신:새끼,분노·불신,근데 이준석 빠는새끼들은 진짜 장애인같더라
DM-003286,v2_only,80,,분노·불신,분노·불신:미친거,분노·불신,"미친거 아니냐 진짜 걍 적폐노 말이 안되네 오늘부터 슨피만 산다 ㅈ같네 진짜로 모두가 S&P500, QQQ로 주식판에 뛰어들어 엔비디아 테슬라 구글 메타 아마존 M7의 맛을보고 중소형 테마주 맛을 보게 되고, 레버리지라는걸 알게되고 급상승 종목을 보다 개잡주를 하게 되고 해주갤로 흘러들어와 졸업장을 쓰고 다시 S&P500으로 돌아가는 이 슬픈 여정 난 이 이야기를 무척 좋아한다."
DM-003677,v2_only,80,,불안·공포,불안·공포:쫄,불안·공포,쫄려서 못하겠농...
DM-001639,v1_only,400,불안·공포,,,NONE,바~~아로 궤폭락 종가는 21층 걱정 ㄴㄴ ㅋㅋㅋㅋㅋㅋㅋㅋㅋㅋㅋㅋㅋㅋㅋㅋ
DM-004039,neither,3279,,,,NONE,윤센이 ㄹㅇ 혜안이 ㅋㅋ
DM-000754,neither,3279,,,,NONE,반도체 소부장보다 돈을못버네..
DM-001497,v2_only,80,,분노·불신,분노·불신:놈들,NONE,"삼전닉스 옛날부터 곳간에서 인심난다 했다 ​ 잘 되는집  종놈들이 잘 먹는법 ㅋㅋㅋㅋㅋㅋ ​ 뉴스1 ​ ""최태원이 하닉 사라고 한 이유""…'배당 2.5%·액분' ​ 지라시가 돈다"
DM-001839,both,180,FOMO·상대적박탈감,분노·불신,분노·불신:짜고치,분노·불신,회사가 공매세려과 짜고치는 고도리가 아닌가 하는 의심이드는건 나만 그런거야?
DM-001771,neither,3279,,,,NONE,많이 오르네요 네이버 이젠...제대로 가나요 ㅋㅋ
DM-003209,v2_only,80,,분노·불신,분노·불신:새끼,분노·불신,일론<<이새끼 AI개발비용을 우주에 끼워팔고있음
DM-004109,v2_only,80,,FOMO·상대적박탈감,FOMO·상대적박탈감:다 벌,NONE,​ @dndhdu12 뒤늦게 들어온사람이 잘못인거임 트럼프 당선당시 테슬라400불일때 삼전닉스 샀으면 m7주식 산것보다 10배이상 돈 다 벌었음
DM-003610,neither,3279,,,,NONE,이대로만 끝나도 하닉 내일 상승하는 꼬라진데
DM-004669,neither,3279,,,,분노·불신,@user-sl309jd90  인터넷 관련 제조업 말하는 거지... 뭔 유추하는 세포 자체가 없어?
DM-001963,v2_only,80,,분노·불신,분노·불신:놈들,분노·불신,모간이 목표가 6.5마넌으로 책정했다. 이런 수치를 보고도 치욕을 못느끼는 놈들이 게코 똥주 경영진 새::  끼:: 들이다. 챙피한 놈들... 무슨 낮짝으로 IR은 계속 해대노...
DM-002094,both,180,후회·손실고통,후회·손실고통,후회·손실고통:물렸,분노·불신,이거 산 사람 거의 다 물렸을 텐데 흔든다고 나가겠냐? 이 등심 쩝쩝아. 주포 머리가 어떻게 된 거 아니냐? 날 더운데 꿀값을 떨고 있어 어차피 단타만 돈 빼주는 꼴이야. 항상 그러니까 탄타를 잘 쳐야 돼.ㅋ
DM-003311,both,180,FOMO·상대적박탈감|분노·불신,분노·불신,분노·불신:사기,NONE,기관들은 주식을 판다고 그걸 현금으로 가지고 있기보다는 다른 주식을 사기 때문에 반도체에서 빠진 돈이 다른 곳으로 가면서 순간적으로 쏠림 현상이 생기고 반도체주는 지금 점점 시장 관심에서 소외되는 중인 거 같음 그러면 장기적으로 결국 시장에서 돈은 빠지게 돼있고 펀더멘탈이나 매크로와 다른 방향으로 가고 있기 때문에 큰 낙폭이 만들어지기 쉬운 상황임
DM-001321,both,180,충동·중독시그널,충동·중독시그널,충동·중독시그널:올인하자,NONE,세탁기나 만들자 세탁기.올인하자 ㅋㅋ 공모가 얼마인지요 ㅋㅋ
DM-004753,both,180,충동·중독시그널,분노·불신|충동·중독시그널,분노·불신:해먹|충동·중독시그널:몰빵,분노·불신,중공과 한패면서 해먹기 전문가들에게 나라의 자원을 몰빵.ㅋㅋㅋ
DM-004876,neither,3279,,,,NONE,브랜드가 다르다고😂
DM-001158,v1_only,400,불안·공포,,,NONE,이제야 개인들이정신차리나홀딩개나주고사팔대응~ 사팔 대응 안 되면  절대  삼전 하닉 매매 하면 안 됨 추세를 보면 간단 ​ ​ ​ ? 월가  넘들도  괴관 넘들도  사팔 사팔인데 ​ 새발의 피인 개인들이  홀딩해서 뭘 얻으려고 ​ 계좌  녹고 징징 짜려고 주식 하는게 아니라면 ​ 어제 처럼 10% 이상 무조건 많이  폭락  뒤에 매매 해서 사팔 사팔해야 ​ 그나마 안 물리고 익절도 가능 ​ 오늘은 단타도 안 됨   저것들  다 기계 매매임 ~ ​
DM-003613,v2_only,80,,분노·불신,분노·불신:새끼,NONE,모든게 '그새끼' 때문이면 개추 ㅋㅋㅋㅋ
DM-001105,both,180,후회·손실고통,후회·손실고통,후회·손실고통:손절 칠걸,후회·손실고통,내일 항상 이런 마음을 가진다 아..어제 손절 칠걸.. ​
DM-004746,both,180,불안·공포,불안·공포,불안·공포:무섭,불안·공포,@EatYourKimchisabah 아무리 그래도 이민자 받으면 캐나다 꼴날것 같기도 하고 좀 무섭다는 생각이 들어요 아무나 받으면 안된다고 생각해요..단일민족 국가인 한국엔 한국인만 있는게 치안이나 문화적으로도 깔끔하다고 개인적으로 생각하고 있어요. 캐나다 살아보니 참담하더라고요.
DM-003671,v1_only,400,후회·손실고통,,,NONE,저자리에서 사는건 얼마나 큰 용기가 잇어야 살 수 잇는거지에 지금 오늘 최고점 근천대 Rock rock til you drop.
DM-003945,neither,3279,,,,분노·불신,진짜 미친장이다. 코스닥만 오르고
DM-001962,both,180,불안·공포|후회·손실고통|분노·불신,분노·불신,분노·불신:쓰레기,분노·불신,최고점대비 70퍼 전고점대비 50퍼 빠졌는데 더 빠진다고 국내 증권사 전체가 일제히 매도하라고 쏟아내네 하루아침에 쓰레기 회사됨~ 에코야 기술력 좋다고 해주니 뭐 된거처럼 건방떨지 말고 발품 팔아다니며 원수진놈들이랑 좀 풀고 사업해라~ 이정도로 패는건 싫은정도가 아니라 겁나 싫다는거잔아~ 자꾸 바쁜애들 불러다 밥한끼 맥이며 하소연하지 말고~
DM-000990,v1_only,400,분노·불신,,,분노·불신,왜 공매도 금지 안하나요? 갬들이 호구인가요. 도저히 국장은 못하겠어요 공매도 금지해 주세요
DM-004409,v2_only,80,,분노·불신,분노·불신:때려 잡,NONE,검찰이 정유사 때려 잡음
DM-002467,v1_only,400,불안·공포|후회·손실고통,,,분노·불신,지금 하락 추세 이유 [결론 = 정부의 무능] 투자 부적합 국가 전락 블룸버그는 정부 정책 실패의 가장 큰 피해자로 개인 투자자들을 꼽았다. 이들은 이른바 ‘코리아 디스카운트(한국 증시 저평가)’ 해소를 내건 이재명 대통령의 주식 개혁을 믿고 투자에 나섰다고 블룸버그는 짚었다. 그러나 외국인들이 시장을 빠져나가는 동안 코스피를 사들였던 개인들은 엄청난 손실을 안게 됐다. 가장 인기 있는 SK하이닉스 레버리지 ETF는 6월 고점 대비 84%나 폭락했다. 36만 개에 달하는 증권 계좌는 강제 청산당했다. 특히 강제 청산 계좌 가운데 62%는 35세 이하 젊은 층에 집중된 것으로 나타났다.국민연금의 일관성 없는 행보도 비판의 도마 위에 올랐다. 칼럼은 국민연금이 코스피 보유 물량 매도를 피하기 위해 국내 주식 투
DM-004682,neither,3279,,,,NONE,난 이 댓글이 왤케 현실이랑 괴리감들지… 혹시 딴 세상 사시나요..??
DM-004088,v1_only,400,분노·불신,,,NONE,"래버리지,인버스는 이제 이유를 붙이면 안됨  이유붙이는건 더 피말리게 하는거임. 그냥 이번장은 주식가격이 전종목 엄청비싸서 조금 내렸다로 바꿔서 바라보면 하락이 정상적이게 됨  그만큼 외국인 큰손이 가격이라는 메리트로 유혹하는거임. 과거하고 다른 반도체발 거품임"
DM-004445,neither,3279,,,,NONE,좋은 내용 감사합니다 ❤
DM-004255,v1_only,400,후회·손실고통,,,분노·불신,정유사 손실 운운하던 경제관련 유투버들도 반성해야된다
DM-001468,v1_only,400,불안·공포,,,NONE,위험해요 내가샀어요 가지마세요
DM-000189,neither,3279,,,,분노·불신,삼전닉스는 암적인 존재가 됐네
DM-004177,neither,3279,,,,NONE,​ @vtr-l2d  잡주와 구분할수 없는데 우량주라 할수 있나요? 레이디두 아또물림
DM-001669,v2_only,80,,분노·불신,분노·불신:한심,분노·불신,"반대로, 아니라고 부정한다고 변화가잇을거라고 믿는 너도 한심하다"
DM-003855,v2_only,80,,분노·불신,분노·불신:미친거,분노·불신,통정 매매를 의심 하는데 국장을 떠나라하네 미친거 아냐?
DM-003465,v2_only,80,,불안·공포,불안·공포:무서워,불안·공포,ㅋㅋ 많이 빠져서 반등 먹으라는데도 무서워서 못삼 사람심리란 참
DM-002976,neither,3279,,,,NONE,주식 입문하려는데 하닉 6~7층 쯤 때 괜찮을까요 ?
DM-004709,neither,3279,,,,분노·불신,"​ @Ksss-j7e  공부는 당신이 해야지,  인터넷은 기간시설에 해당되는데 그게 현재 수익을 내는 산업과 어떻게 연결이 되냐고? 고속도로가 물류와 산업에 미치는 영향..머 이런거 말고.. 남들 다하는 안하면 바로 뒤쳐지는 인터넷 설치가 머가 신의 한수인지 설명을 해보란 말이다."
DM-000018,both,180,분노·불신,분노·불신,분노·불신:조작,분노·불신,언론 선동 조작 가짜뉴스 MBC 때려잡아야 한다
DM-001157,v1_only,400,불안·공포,,,분노·불신,비정상적인 좌파들이 많이 가지고 있는 하이닉스 어쩌노? 이제 점점 더 폭락 할건데 ㅋㅋㅋㅋㅋㅋㅋㅋ 가격 7자리 유지하는거 이번달이 마지막일건데 우짜노? 범죄자를 뽑은 니들 잘못인데 내가 우짜겠노? 그쟈?
DM-002000,v2_only,80,,후회·손실고통,후회·손실고통:물타도,NONE,"지금이니.."" 물타도 돼?"
DM-002063,both,180,분노·불신,분노·불신,분노·불신:조작,분노·불신,와 이 개잡주를 받쳐  주는 세력이 있네 와  이거 주가 조작 아니냐 ​
DM-001690,v1_only,400,FOMO·상대적박탈감|후회·손실고통,,,NONE,지금이라도 손절하고 삼전닉스 저점 잡으면 낼 크게 먹는다
DM-002949,neither,3279,,,,NONE,단타로 700먹고 나간다
DM-003287,both,180,FOMO·상대적박탈감,FOMO·상대적박탈감,FOMO·상대적박탈감:포모,FOMO·상대적박탈감,아까 포모와서 탔으면 클날뻔
DM-003088,neither,3279,,,,NONE,하닉으로 인생역전한 사람도 많지만 전재산 잃은 사람도 많다 모두 이걸 경험했으니 더이상 변동성 심한 주식에 손대지 않기로 했다 토스뱅크 없애는 게 아니라 매수만 하지말라고 ㅋㅋ 세상 경제 돌아가는 건 알아야지 - dc official App
DM-002324,v1_only,400,분노·불신,,,분노·불신,공매도 중단해라. 공매도 중단해라.
DM-003107,both,180,분노·불신,분노·불신,분노·불신:쓰레기,분노·불신,냉정하게 삼닉 포함해서 국내주식 모두 쓰레기임. 삼닉은 걍 20년도부터 이어진 ai 장 서플라이체인 후반부로서 마지막에 오르는게 맞고 꺼질때도 가장 먼저 꺼지는법임. 이미 lg전자나 좆 병신같은 일본 반도체기업까지 오를때부터 눈치는 채고 있었어야지. 정상적인 투자자라면 이미 ai 사이클 막바지인 25년도에 다 털었을거다. 좆버러지들 이제 벌 받아라 참고로 느그드비아는 코로나때부터 시작된거다. 거의 10년치 상승 다 받고 이제 걍 사이클 끝나면 삼닉은 파산단계 들어갈거다 수고하쇼
DM-004754,v2_only,80,,분노·불신,분노·불신:해먹,NONE,@sunbath-ajk해먹기 전문가는 지금 감옥에 있는 분이시고
DM-004729,neither,3279,,,,NONE,@Eoancedo  IMF 구조조정은 DJ 때 본격적으로 했습니다. 당장 하이닉스가 어디서부터 어떻게 간판 바꿔왔는지만 봐도
DM-003991,neither,3279,,,,NONE,34:33 민준아... 한국이 베네수엘라는....오바다..
DM-004613,neither,3279,,,,NONE,​ @rlakeglsxoeh    우리나라  요즘 짓는 아파트도 층간소음 있는거보면  얼마나 튼튼하게  지어야  소음이 없을 지...
DM-003335,v2_only,80,,분노·불신,분노·불신:새끼,NONE,갤 오랜만에 왔는데 왠 찐따새끼가 주딱 달고 있노
DM-001430,both,180,불안·공포|후회·손실고통,후회·손실고통,후회·손실고통:고문받,분노·불신,고점에 물려 2달동안 고문받고있다..물타고 물타도 주가는 더 떨어지고 손실만 더 키웠는데 어디까지 가나 ..손실액이 커서 손절도 못하고 꼬락서니를 지켜보는 수밖에...어제는 로봇주 다올라도 처박더니 오늘은 왜 하락하는건지...노조 때문이겠지..
DM-004189,v2_only,80,,불안·공포,불안·공포:무서워,NONE,​ @Uminam-j7m  구더기 무서워서 장 못담그는 격
DM-001192,v1_only,400,불안·공포,,,NONE,놀리는사람들없고 걱정하는사람들 많아졌다는건 ​ 진짜 ufc라는거야 ​ 기적을 바라기엔 너무 많이 오른종목아니야? ​
DM-003314,v2_only,80,,분노·불신,분노·불신:놈들,NONE,맛은 있을거같은데 딴놈들이 점점 살 발라먹는 꼴보니 지금 들어가면 독만 먹을거같지요
DM-004317,v2_only,80,,분노·불신,분노·불신:놈들,분노·불신,진짜 이런 놈들은 뭐하는 인간들일까 ㅋㅋㅋ
DM-002203,v2_only,80,,분노·불신,분노·불신:한심,분노·불신,진짜 잡주 맞네요 오늘 바이오 급등장에 뭐 대장이라는게 겨우 7% 한심허다
DM-004222,neither,3279,,,,NONE,"제3원칙 : ""한국인들을 피해라. 한국인이 있는 곳이 국장이다."""
DM-003141,neither,3279,,,,NONE,여기 삼전 주주잇냐
DM-000256,v1_only,400,분노·불신,,,NONE,공매도 상위 세력들이 외국계가 많은데
DM-001760,v1_only,400,불안·공포,,,NONE,내일부터 대폭락이다 대폭락ㅅㄱ
DM-003598,neither,3279,,,,NONE,삼전하닉 무빙이 500원단위로 완벽 일치::
DM-001231,v1_only,400,분노·불신,,,NONE,"아직 개미털기가 남았네 개미들 아직 안팔고 징징거리고만 있으니, 딱 털기 좋은 상황 ㅋㅋㅋ"
DM-000155,neither,3279,,,,분노·불신,미친 반도체 도박시장
DM-001223,v1_only,400,분노·불신,,,NONE,"형이 75층 밑에서 사라고 분명히 말했다 총 발행 주식수 : 712,702,365주 주당 150만일 때 시총이 1,069조다. ​ 그런데 삼전 시총을 계산해보자. 보통주 주당 25만, 우선주 주당 18만일 때, ​ 보통주 5,919,637,922 : 1479.9조 우선주 815,974,664 : 146.8조 총 1626.7조로 계산된다. ​ 파운드리도 안 하는 메모리 원툴 기업이 종합 전기전자 기업 삼성 시총의 반이 넘는게 맞는거냐? 의무교육만 받았다면 당연히 말이 안 되는 소리임을 알아차릴 수 있다. ​ 종합적으로 고려할 때 하닉 시총은 삼전의 1/3정도여야 적당하며 삼전이 오늘 주가 기준으로 하방을 형성한다면 하닉 주가는 75층 아래가 적절하다는 판단을 도출할 수 있겠다. ​ 형이 이렇게 설명해주는대도 "
DM-003313,neither,3279,,,,NONE,와 이러면 이번에 유입청년들 해외잡주로 대거유입되는거아니냐 애들 갈데가 거기밖에 없을텐데 ㅋㅋㅋㅋ
DM-004365,v2_only,80,,분노·불신,분노·불신:장난질,NONE,현직 사람들은 정유사들이 장난질친다고 얘기가 이미 돌고있었음.
DM-002057,neither,3279,,,,NONE,실적 괜춘한거 아닝? 과연.. 나는 8월까진 홀딩
DM-004027,v2_only,80,,후회·손실고통,후회·손실고통:물려있,후회·손실고통,다 물려있는데 비중을 줄이라니요 ㅠㅠ 80% 반도체에 물려있네여
DM-001080,v1_only,400,불안·공포|후회·손실고통,,,NONE,이젠말도조심스럽 괜히 조아하고 부추기고 슬퍼하고 다헛짓
DM-003497,neither,3279,,,,NONE,누가봐도 정상이 보이는데 저기가 정상입니다 외치고 박수 받고 차트의 신 빙의 됨 물론 정상 전까지 올라 가면서 봉우리 보일 때 마다 저기가 정상이라고 함
DM-003059,v2_only,80,,분노·불신,분노·불신:새끼,분노·불신,밥먹으러왔는데 옆에 한남새끼 냄새 씹
DM-000145,v1_only,400,후회·손실고통,,,NONE,진짜 반토막수준 하락.미국 빅테크들 AI투자수익성최고인데
DM-000078,v1_only,400,불안·공포,,,NONE,근 한달내내 지수보다 더 떨어지는걸 다 알겠네..
DM-000768,both,180,충동·중독시그널,충동·중독시그널,충동·중독시그널:못참,충동·중독시그널,걍 다팔고 삼전에 물리자 영업이익300억은못참는다
DM-000976,v1_only,400,분노·불신,,,NONE,개미들 죽어 나갈때 잠시 숨고르기 하고 계속 하한 방향 이리고 그리 말해도
DM-001072,v1_only,400,FOMO·상대적박탈감|분노·불신,,,NONE,내일은  2만언 오를것 같은 느낌 적인 느낌이....개미만 사지마요 개미만 안 사면 ... ​ 될 듯... ​ 물 타지 말고.. 기다리세요.. ​ 외인... 기관이 싸우게 냅두고..
DM-000901,both,180,충동·중독시그널,충동·중독시그널,충동·중독시그널:지르고,분노·불신,옆집 짱꿰 이사왔는데 담배피고 밤늦게 까지 소리지르고 ㅈ겠음 ㅠㅠ
DM-001954,v2_only,80,,분노·불신,분노·불신:한심,분노·불신,사업한다는 놈들이 시장 탓을 하고 있는 게 정말 한심한 회사다. 시장 변화에 대한 대처도 할 줄 모르는 놈들이 1.2조 유증을 한다고? 유증 금액도 대충 때려 잡아 넣었겠지. 개 호로 새::  끼:: 들... 저런 것들이 코스닥 시총 상위 종목이니 코스닥이 대판 되지... 한심한 조성 주식 시장이다... 상폐되도 좋으니 이번 유증은 불발 되어야 한다.
DM-004758,both,180,분노·불신,분노·불신,분노·불신:사기,NONE,"더 빨리 했어야 한다!! 라고 말하기엔, 당장 1년 전만해도 반도체가 이렇게까지 클 줄도 몰랐고, 세수가 들어올 줄도 몰랐음. GDP도 낮아진다는 말만 있었지. 작년에 했으면 불가능, 거짓말, 사기라고 온통 도배 됐을 것 같음. 상황이 주어졌고, 빠르고 적절하게 판단했다고 생각함."
DM-004149,neither,3279,,,,NONE,요즘 코인이 더 무빙 없음 ㅋㅋㅋㅋ 비트 하루에 많아야 2~3%무빙
DM-003740,v2_only,80,,분노·불신,분노·불신:장난질,분노·불신,외국인 선물 현물 장난질 총알 대주는 국내 기관 - 금융투자 는 제발 좀 그만 해라  이름 공개 청원 해야하나 ㅠ
DM-001099,both,180,후회·손실고통|분노·불신,후회·손실고통,후회·손실고통:후회,NONE,반도체에 가스라이팅 당해서 끝까지 들고가면 후회합니다. 삼전닉스 혼자 20배 올랐는데 더갈거라 보이나요?? ​ 주식시장에는 키맞추기라는게 있습니다. ​ 안오른 종목이 오를때지 20배 오른종목이 더갈거라고 판단하면 큰오산 입니다. ​ 지금 판단 잘해야될 시기 입니다. ​ 개미 한명이라도 구제 하기 위해 글을 쓰는거 입니다. ​ 성투하세요.
DM-004163,v2_only,80,,충동·중독시그널,충동·중독시그널:전재산,NONE,진지하게 누가 총 겨누고 전재산 하닉 or 비트코인 사라하면 차라리 비트삼
DM-001721,v2_only,80,,후회·손실고통,후회·손실고통:물려있,NONE,아빠 아빠도 반도체 26년에 샀다하지 않았어요? 근데 우리는 왜 집 없어요? 친구 아빠들은 그때 수익내서 집샀다던데 아들아 아빠는 네이버에 쳐 물려있다가 반도체로 갈아탔는데 아직도 물려있단다 예잇~ 이놈아!!
DM-003542,v1_only,400,분노·불신,,,NONE,종가에 개미들 납치하고 밤에 미장에서 알제?
DM-003867,v2_only,80,,분노·불신,분노·불신:한심,분노·불신,정프로 핵심을 찌르는 질문이다 전문가들 나와서 매일 외인 외인 외인 지들도 모르면서 이럴거라면 국장은 하지말자  정부는 손놓거나 늦장대응 전문가들은 매일 국장임에도 외인만 외쳐 한심하고 취약한 시장에 지들 수수료 먹을라고 헛소리만 늘어놔 이게 맞아??
DM-004928,v2_only,80,,불안·공포,불안·공포:무서워,불안·공포,"7월 2일자 삼전 -7.6%, 하이닉스 -12.9%   슈카형.... 나 너무 무서워..."
DM-000398,v1_only,400,FOMO·상대적박탈감,,,NONE,반드시 수급은 실적우량 장기소외주로  들어온다
DM-002436,v1_only,400,후회·손실고통,,,분노·불신,"모간의 놀이개감으로 전락? 곽회장, 소각, 무증, 수주공시로 탈출 좀 하시죠~"
DM-004767,v1_only,400,불안·공포,,,NONE,@추블루스카이 위험해도 아무것도 안해도 어차피 말라죽으니 뭐라도 해야지
DM-003284,both,180,충동·중독시그널,충동·중독시그널,충동·중독시그널:풀매수,NONE,데이장 하한가 종목 와바밧 풀매수했다가 5시에 졸업하는 해붕이들 늘어난다. 한 패턴 나오면 그거랑 비슷한 패턴으로 털어먹는게 국룰이더라
DM-001022,v2_only,80,,불안·공포,불안·공포:두려,NONE,"창신메모리가 결국 HBM을 만들것이다 전닉마는 치킨게임과 매출절벽을 두려워하도록하여라 ​ 결국에 창신메모리가 HBM의 기술력을 추월하고, 수율도 올릴것이다 결국에는 HBM의 나아가서 메모리 전체 1등이  되고 말 것이다 ​ 이는 이미 정해진수순이기때문에 창신메모리 메모리 점유율 전체 1등을 가정하여 시총 선반영이 타당하다. ​ 그러니까 버리도 창신메모리가 per이 몇이든 절대로 숏을 치지 않는다. 이것이야말로 일반인은 감히 따라할수 없는 사고를 가진 진정한 주식의 신 버리의 사고방식이다 ​ 잘들보고 배우도록하여라"
DM-004687,both,180,불안·공포|충동·중독시그널,충동·중독시그널,충동·중독시그널:몰빵,NONE,"몰빵은 아니죠...자동차, 철강, 건설, 문화 컨텐츠..... 몰빵한 적 없어요. 몰빵은 항상 위험합니다"
DM-003702,v1_only,400,불안·공포,,,NONE,최병욱 전도사님 요즘 너무 바빠요.건강조심하세요
DM-002383,v1_only,400,FOMO·상대적박탈감|후회·손실고통|분노·불신,,,분노·불신,주식쟁이들 원투데이냐? 9천피갈동안 한미 고점36만원찍을땐 시장이 불장이여서 멍멍이도 돈벌던시절인데 지가잘난줄알았지 그리고 조정받으니 나라탓 정부탓 대통령탓 ㅋㅋ 물론 레버리지는 만프로 잘못맞음 그로인해 피해입은것도맞고 근데 레버리지하나때문에 이렇게 흐르는건 말이안되지 기관 외인들은 이익실현한거고 수급이 안되는거고 개미들만 죽자사자 사팔사팔하니 가격이오르니? ​
DM-000094,both,180,후회·손실고통,후회·손실고통,후회·손실고통:물렸,NONE,26만원위에서 물렸으면 최소 6개월~1년고생하겠네..
DM-002028,v1_only,400,불안·공포,,,NONE,아니 에코 2분기 실적 그닥인거 이미 다 알고 에코 매수한 거 아니었나? ​ 가장 많이 폭락한 게 가장 큰 빅호재다
DM-000643,neither,3279,,,,NONE,유럽 생산하면 뭐하나? 수주를 못하는데
DM-004902,v1_only,400,불안·공포,,,NONE,투자 하느라 돈 아낀다 하니까 드는 생각인데 소비지수 떨어지는거 아님?
DM-001235,v1_only,400,불안·공포,,,NONE,못먹더라도 절대 매수는 조심 특히 전자 닉스는 정말 조심 해야 외국인 누적 매도는 늘리고 매수 안함 가찌 반등 슬쩍씩 주며 보유주 털고 있음 전자도 47정도  까지 줄었다는 볼륨버그 에서 매일 경고하고 있는건 외국인 매도 이유도 되고 숏친거 환매수 안하고 롤 오버 한다면 절대 못 올라감 안전하게 5일선 돌리면 사도 늦지않음 꼭 올릴넘들이라면. 믿거나 말거나 지만 조심이 났지 않을까 ​
DM-001889,both,180,후회·손실고통,후회·손실고통,후회·손실고통:존버,NONE,존버는 승리합니다 단  현금 매수자만해당
DM-000511,neither,3279,,,,NONE,주포 형님 감사합니다. 민수야~~~
DM-002366,neither,3279,,,,NONE,왠지 넥장은 올릴것 같은 느낌아닌 느낌이 드네
DM-001743,both,180,불안·공포|후회·손실고통,불안·공포|후회·손실고통,불안·공포:불안|후회·손실고통:팔았어야,불안·공포|후회·손실고통,오늘 장초반에 팔았어야 됏나? ​ .. . . .. . . . . . 이슈는 많아서 갈거 같기는한데  그동안 뒤통수 맞은게 많아서 ​ 너무 불안하네요 ​ 그냥 오전장 초반에 먹고 나왔으면 어땠을까 하네요 ​ 다시 눌림오면 그때 진입하면 될거 같은데  이거뭐 알수가 없으니 ​ 그냥 참고 가볼랍니다. ​ 모두 성투하세요~! ​ ​
DM-002356,v2_only,80,,분노·불신,분노·불신:놈들,NONE,나닥 선물 살아나는데  외놈들 숏포지션에 국장 전체가 하방이네
DM-002102,both,180,충동·중독시그널,충동·중독시그널,충동·중독시그널:못참,충동·중독시그널,걍 다팔고 삼전에 물리자 영업이익300억은못참는다 난간당ㅇㅇㅇ
DM-003804,both,180,불안·공포|충동·중독시그널,충동·중독시그널,충동·중독시그널:빚투,NONE,버블 삼전닉스 제자리 찾아가는 중..아직 바닥아니니 빚투는 조심하세요
DM-001619,neither,3279,,,,NONE,"카카오의 가장 큰 문제점 찾아보니 공대 출신이 없음 문과 출신이 AI 전체를 직접 총괄한다 ㅋ 안 웃김? 네이버는 25년 이해진이 돌아와서 AI 총괄하는 중 ​ CEO : 불어불문학 부사장 : 행정학 CTO : 국어국문학 CPO : 카톡 날려먹고 퇴사 AI 총괄 : 퇴사 AI Q&S 리더 : 퇴사 ​ 특히 카카오는 이달부터 카나나 조직을 ‘AI 스튜디오’ 체제로 전환했습니다. AI 스튜디오는 정신아 대표가 직접 총괄하며, 여러 개의 태스크포스(TF)를 두는 방식으로 운영합니다. ​"
DM-001973,both,180,분노·불신,분노·불신,분노·불신:짜고치,분노·불신,여기ceo공매도짜고치는거 냄새개남 유증도 본인지분까지유증하려했던적이있음 ㅋㅋㅋ
DM-001439,neither,3279,,,,NONE,대차상환도 1위; 자동차 판매도 역대 1위 주가 바닥 1위  볼부도 이겼구마~~ 유럽 인도 미국 7월도 역대 판매 1위 ​ ​
DM-004138,neither,3279,,,,NONE,지금 모자가 중요해?
DM-002093,neither,3279,,,,NONE,일 적게 하고 돈은 벌음 상승 해야지?ㅋㅋㅋ
DM-001960,both,180,분노·불신,분노·불신,분노·불신:쓰레기,분노·불신,그러니 게코가 주주들을 닭대가리로 보고 말도 안되는 유증을 한다고 설레발 떨지. 이번 유증은 절대로 불발돼야 한다. 그래야 게코 쓰레기들한테 더 당하는 닭대가리들이 없어진다.
DM-003528,v1_only,400,분노·불신,,,NONE,"현재 기준 = 외인 , 기관 , 개미 매수동향"
DM-000193,both,180,분노·불신,분노·불신,분노·불신:조작,분노·불신,Adr로 시세 조작 패악질 그만해야 되는거 아닌가?
DM-004313,neither,3279,,,,분노·불신,3배를 하는 미국에서도 단합하는데. 증거없다고 넘어가는 꼬라지 봐라 ㅋㅋ. 애국보수 트럼프 답게 친기업 정책으로 불법행위 눈감아주네
DM-001898,both,180,후회·손실고통,후회·손실고통|분노·불신,후회·손실고통:반토막 겪|분노·불신:호구다,후회·손실고통,"나이40 다시 재취업한다. 3년전 에코에 7억 부어놓고 반토막 겪고있는 호구다. 배터리 아저씨 덕분에 좋은 기업알게되서 좋았지만, 업황이 나락가버리고 빠재도 정치병 + 반도체 열폭질에...대머리 손절하고 요즘은 그냥 혼자 정보찾아보며 묵묵히 들고가고있다. 원금 7억에서 12억 찍힐때까진 좋았는데...주식은 참 어려운것 같다ㅋ 그나마 여윳돈이니 망정이지... ​ 파이어족할려고 했다가 2차전지 꼬라지보니 몇년은 더 걸릴것 같아서...50살까지는 다시 일해야할것 같다. ​ 다행히 타이밍 맞춰 좋은자리가 하나 생기더라 경력감안해서 연봉 6천중반까지 맞춰준다는데, 돈준만큼 얼마나 굴려먹을지 심란해서 잠도 안온다... ​ 그래 내 팔자에 뭔 리치피플이냐... 일이나 할란다."
DM-004720,both,180,충동·중독시그널,충동·중독시그널,충동·중독시그널:몰빵,NONE,​ @maximus_decimus-q8f  ㅇㅇ 호남이 영남에 비해 줫나 뒤쳐졌지 그동안 영남 몰빵했으니ㅇㅇ 그래서 반도체로 호남 지역균형 이루려는데 불만?ㅋ
DM-003655,v1_only,400,후회·손실고통,,,NONE,기관이랑 외국인 팔때 보면 다 -일때 팔던데 왜 기관 외국인보고 잘한다는거? 손실보고 던지는거 아님? 숏을 쳐서 잘한다는거?
DM-003468,v2_only,80,,분노·불신,분노·불신:장난치,분노·불신,이제 한달내내 장난치다 쳐내리겠군
DM-004207,both,180,충동·중독시그널,충동·중독시그널,충동·중독시그널:못참,충동·중독시그널,근데 밑꼬리 달리면 못참긴해 ㅋㅋㅋ
DM-001649,v1_only,400,분노·불신,,,NONE,장대양봉ㅅㅅㅅㅅ나로호 발사 직전 개미들아 빨리 팔고 나가라 혼자있고 싶다
DM-003498,v1_only,400,후회·손실고통,,,분노·불신,저새끼들도 이미 좆같이 암울한 상황이란거는 알듯 근데 계속 미주갤에서 삼하로 바람잡는 이유가 그렇게 선동해서 광기로 단기고점이라도 찍어보려고 이미 기름 없는 라이터 불붙이려고 눈물 질질짜면서 끝도 없이 시도하는 개만도 못한 버러지 새끼들을 보는느낌임 - dc official App
DM-004226,both,180,분노·불신,분노·불신,분노·불신:조작,분노·불신,국장 주가 조작해도 그들은 별 타격 없는 개잡주 모음
DM-001546,v1_only,400,불안·공포,,,NONE,코스피 지수 떨어지길래 혹시나 했는데..버텨줘서 고맙군 캬캬
DM-000196,v1_only,400,분노·불신,,,NONE,지금 공매도 작업중 시원하게 보내주이소
DM-003846,v1_only,400,후회·손실고통|분노·불신,,,NONE,웃긴게 미장 가자한 초보개미들 미장가서도 투자한다는게 마이크론 샌디스크 속슬임 ㅋㅋㅋ 미장간 서학개미들도 손실율 크다는데 ㅋㅋ 미장도 공부하고 종목 잘골라야 수익보지 어중간하면 미장도 세금은 세금대로 뜯기고 손실큼
DM-001849,both,180,후회·손실고통,후회·손실고통,후회·손실고통:물타기,NONE,물타기 질문 ???(추매) 전문가님들!!! 질문 있습니다. 오늘 더 오를까요?? 종가에 빠질까요??
DM-003118,neither,3279,,,,NONE,어제 15층에 오늘 12층이니 곧이긴 할거 같은데 6~7층때는 들어갈만 할까요 ?
DM-001932,v1_only,400,분노·불신,,,NONE,매출 실적도 없는 거품 적정가 육만원 ~~
DM-003480,both,180,불안·공포,불안·공포,불안·공포:공포에,NONE,"1. 현재 수치 • 현재 항복 지수 수치 -2.53 기록 • 기술적 구간: 표준편차 하단선(-1SD)을 크게 하회하는 극단적 과매도 영역 진입 2. 수급 및 심리 측면의 시사점 • 레버리지 청산 완료: 단일종목 레버리지 ETF 및 신용융자 잔고의 반대매매 및 강제 청산이 막바지에 다다름 • 투매 심리 극대화: 시장 참여자들의 공포에 의한 무차별 매도세가 최상단에 도달 • 매도 압력 완화: 시장 내 수급 악재 및 수급 불균형이 상당 부분 해소 3. 역사적 비교 및 바닥 신호 • 과거 위기 수준 근접: 2008년 글로벌 금융위기, 2011년 유럽 신용위기, 2018년 미·중 무역분쟁, 2020년 코로나19 팬데믹 당시 저점에 근접 • 비위기 상황에서 저점 달성: 실물 경기 위기가 아닌 상황에서 형성될 수 있는 "
DM-002979,v2_only,80,,분노·불신,분노·불신:새끼,NONE,지금사야지 병신새끼들아
