keyword,count
코스피,91
투자,73
매수,72
개미,68
증시,53
v.daum.net,39
레버리지,35
AI,35
ETF,34
개인,30
빚투,30
거지,30
추격,30
반도체,29
불안,29
벼락,29
패닉셀,27
손실,25
코스닥,24
투자자,24
매일경제,24
머니투데이,24
매매,24
급락,23
상승,22
시장,22
하락,19
한국,19
미국,19
기업,19
한국경제,19
외국인,19
경제,17
상장,16
실적,16
급등,16
포모,16
중독,16
SK,15
심리,15
폭락,15
마켓,14
반등,14
공포,14
정신과,14
지수,13
국내,13
의사,13
뇌동,13
변동,12
조선일보,12
출발,12
강세,11
서울경제,11
우려,11
금리,11
조모,11
회복,10
장중,10
최대,10
비트코인,10
역대,10
FOMO,10
부동산,10
연합뉴스,10
정부,9
올해,9
거래,9
금융,9
수익,9
기관,9
메모리,9
전치,9
경고,9
추정,9
글로벌,8
TV,8
자산,8
뉴시스,8
반대,8
